[{"car_park_no": "ACB", "id": "S214"}, {"car_park_no": "ACM", "id": "S215"}, {"car_park_no": "AH1", "id": "S214"}, {"car_park_no": "AK19", "id": "S113"}, {"car_park_no": "AK31", "id": "S113"}, {"car_park_no": "AK52", "id": "S212"}, {"car_park_no": "AK6", "id": "S212"}, {"car_park_no": "AK83", "id": "S212"}, {"car_park_no": "AK9", "id": "S107"}, {"car_park_no": "AM14", "id": "S113"}, {"car_park_no": "AM16", "id": "S113"}, {"car_park_no": "AM18", "id": "S113"}, {"car_park_no": "AM19", "id": "S113"}, {"car_park_no": "AM20", "id": "S113"}, {"car_park_no": "AM22", "id": "S113"}, {"car_park_no": "AM32", "id": "S113"}, {"car_park_no": "AM43", "id": "S113"}, {"car_park_no": "AM46", "id": "S212"}, {"car_park_no": "AM51", "id": "S113"}, {"car_park_no": "AM64", "id": "S212"}, {"car_park_no": "AM79", "id": "S212"}, {"car_park_no": "AM80", "id": "S113"}, {"car_park_no": "AM81", "id": "S113"}, {"car_park_no": "AM96", "id": "S113"}, {"car_park_no": "AR1L", "id": "S60"}, {"car_park_no": "AR1M", "id": "S60"}, {"car_park_no": "AR2L", "id": "S60"}, {"car_park_no": "AR2M", "id": "S60"}, {"car_park_no": "AR5M", "id": "S60"}, {"car_park_no": "AR7L", "id": "S60"}, {"car_park_no": "AR7M", "id": "S60"}, {"car_park_no": "AR9", "id": "S60"}, {"car_park_no": "AV1", "id": "S60"}, {"car_park_no": "AV2", "id": "S60"}, {"car_park_no": "A1", "id": "S113"}, {"car_park_no": "A10", "id": "S113"}, {"car_park_no": "A100", "id": "S212"}, {"car_park_no": "A11", "id": "S113"}, {"car_park_no": "A12", "id": "S113"}, {"car_park_no": "A13", "id": "S113"}, {"car_park_no": "A15", "id": "S113"}, {"car_park_no": "A2", "id": "S113"}, {"car_park_no": "A20", "id": "S113"}, {"car_park_no": "A21", "id": "S113"}, {"car_park_no": "A23", "id": "S113"}, {"car_park_no": "A24", "id": "S113"}, {"car_park_no": "A25", "id": "S113"}, {"car_park_no": "A26", "id": "S113"}, {"car_park_no": "A27", "id": "S113"}, {"car_park_no": "A28", "id": "S113"}, {"car_park_no": "A29", "id": "S113"}, {"car_park_no": "A30", "id": "S113"}, {"car_park_no": "A30A", "id": "S113"}, {"car_park_no": "A31", "id": "S113"}, {"car_park_no": "A31A", "id": "S113"}, {"car_park_no": "A33", "id": "S113"}, {"car_park_no": "A34", "id": "S113"}, {"car_park_no": "A35", "id": "S113"}, {"car_park_no": "A36", "id": "S113"}, {"car_park_no": "A37", "id": "S113"}, {"car_park_no": "A38", "id": "S113"}, {"car_park_no": "A39", "id": "S113"}, {"car_park_no": "A4", "id": "S113"}, {"car_park_no": "A40", "id": "S113"}, {"car_park_no": "A41", "id": "S113"}, {"car_park_no": "A42", "id": "S113"}, {"car_park_no": "A43", "id": "S113"}, {"car_park_no": "A44", "id": "S113"}, {"car_park_no": "A45", "id": "S212"}, {"car_park_no": "A47", "id": "S212"}, {"car_park_no": "A48", "id": "S212"}, {"car_park_no": "A49", "id": "S212"}, {"car_park_no": "A50", "id": "S212"}, {"car_park_no": "A51", "id": "S113"}, {"car_park_no": "A52", "id": "S113"}, {"car_park_no": "A52L", "id": "S113"}, {"car_park_no": "A53", "id": "S113"}, {"car_park_no": "A54", "id": "S113"}, {"car_park_no": "A55", "id": "S113"}, {"car_park_no": "A56", "id": "S113"}, {"car_park_no": "A57", "id": "S113"}, {"car_park_no": "A58", "id": "S113"}, {"car_park_no": "A59", "id": "S212"}, {"car_park_no": "A60", "id": "S212"}, {"car_park_no": "A61", "id": "S212"}, {"car_park_no": "A63", "id": "S212"}, {"car_park_no": "A64", "id": "S212"}, {"car_park_no": "A65", "id": "S212"}, {"car_park_no": "A66", "id": "S107"}, {"car_park_no": "A67", "id": "S107"}, {"car_park_no": "A68", "id": "S107"}, {"car_park_no": "A69", "id": "S107"}, {"car_park_no": "A7", "id": "S113"}, {"car_park_no": "A70", "id": "S107"}, {"car_park_no": "A71", "id": "S107"}, {"car_park_no": "A72", "id": "S107"}, {"car_park_no": "A73", "id": "S212"}, {"car_park_no": "A74", "id": "S212"}, {"car_park_no": "A75", "id": "S113"}, {"car_park_no": "A76", "id": "S212"}, {"car_park_no": "A77", "id": "S113"}, {"car_park_no": "A78", "id": "S113"}, {"car_park_no": "A8", "id": "S113"}, {"car_park_no": "A81", "id": "S113"}, {"car_park_no": "A82", "id": "S113"}, {"car_park_no": "A83", "id": "S212"}, {"car_park_no": "A85", "id": "S113"}, {"car_park_no": "A86", "id": "S113"}, {"car_park_no": "A87", "id": "S113"}, {"car_park_no": "A88", "id": "S113"}, {"car_park_no": "A89", "id": "S113"}, {"car_park_no": "A9", "id": "S113"}, {"car_park_no": "A90", "id": "S107"}, {"car_park_no": "A94", "id": "S113"}, {"car_park_no": "A95", "id": "S113"}, {"car_park_no": "A98", "id": "S113"}, {"car_park_no": "A99", "id": "S113"}, {"car_park_no": "BA1", "id": "S78"}, {"car_park_no": "BA2", "id": "S78"}, {"car_park_no": "BA3", "id": "S78"}, {"car_park_no": "BA4", "id": "S78"}, {"car_park_no": "BA5", "id": "S78"}, {"car_park_no": "BBB", "id": "S118"}, {"car_park_no": "BBM1", "id": "S60"}, {"car_park_no": "BBM2", "id": "S60"}, {"car_park_no": "BBM3", "id": "S60"}, {"car_park_no": "BBM4", "id": "S60"}, {"car_park_no": "BBM5", "id": "S60"}, {"car_park_no": "BBM6", "id": "S60"}, {"car_park_no": "BBM7", "id": "S60"}, {"car_park_no": "BBM8", "id": "S60"}, {"car_park_no": "BBM9", "id": "S60"}, {"car_park_no": "BE10", "id": "S113"}, {"car_park_no": "BE11", "id": "S113"}, {"car_park_no": "BE12", "id": "S113"}, {"car_park_no": "BE13", "id": "S113"}, {"car_park_no": "BE14", "id": "S113"}, {"car_park_no": "BE15", "id": "S113"}, {"car_park_no": "BE16", "id": "S113"}, {"car_park_no": "BE17", "id": "S113"}, {"car_park_no": "BE18", "id": "S113"}, {"car_park_no": "BE19", "id": "S113"}, {"car_park_no": "BE20", "id": "S113"}, {"car_park_no": "BE21", "id": "S113"}, {"car_park_no": "BE22", "id": "S113"}, {"car_park_no": "BE23", "id": "S113"}, {"car_park_no": "BE24", "id": "S113"}, {"car_park_no": "BE25", "id": "S113"}, {"car_park_no": "BE26", "id": "S113"}, {"car_park_no": "BE27", "id": "S113"}, {"car_park_no": "BE28", "id": "S113"}, {"car_park_no": "BE29", "id": "S113"}, {"car_park_no": "BE3", "id": "S113"}, {"car_park_no": "BE3R", "id": "S113"}, {"car_park_no": "BE30", "id": "S113"}, {"car_park_no": "BE31", "id": "S113"}, {"car_park_no": "BE32", "id": "S113"}, {"car_park_no": "BE33", "id": "S113"}, {"car_park_no": "BE34", "id": "S113"}, {"car_park_no": "BE35", "id": "S113"}, {"car_park_no": "BE36", "id": "S113"}, {"car_park_no": "BE37", "id": "S113"}, {"car_park_no": "BE38", "id": "S113"}, {"car_park_no": "BE39", "id": "S113"}, {"car_park_no": "BE4", "id": "S113"}, {"car_park_no": "BE40", "id": "S113"}, {"car_park_no": "BE42", "id": "S113"}, {"car_park_no": "BE44", "id": "S113"}, {"car_park_no": "BE45", "id": "S113"}, {"car_park_no": "BE5", "id": "S113"}, {"car_park_no": "BE6", "id": "S113"}, {"car_park_no": "BE7", "id": "S113"}, {"car_park_no": "BE8", "id": "S113"}, {"car_park_no": "BE9", "id": "S113"}, {"car_park_no": "BH1", "id": "S214"}, {"car_park_no": "BH2", "id": "S214"}, {"car_park_no": "BJAL", "id": "S113"}, {"car_park_no": "BJBL", "id": "S113"}, {"car_park_no": "BJMP", "id": "S113"}, {"car_park_no": "BJ1", "id": "S113"}, {"car_park_no": "BJ10", "id": "S113"}, {"car_park_no": "BJ11", "id": "S113"}, {"car_park_no": "BJ12", "id": "S113"}, {"car_park_no": "BJ13", "id": "S113"}, {"car_park_no": "BJ14", "id": "S113"}, {"car_park_no": "BJ15", "id": "S113"}, {"car_park_no": "BJ16", "id": "S113"}, {"car_park_no": "BJ17", "id": "S113"}, {"car_park_no": "BJ18", "id": "S113"}, {"car_park_no": "BJ19", "id": "S113"}, {"car_park_no": "BJ2", "id": "S113"}, {"car_park_no": "BJ20", "id": "S113"}, {"car_park_no": "BJ21", "id": "S113"}, {"car_park_no": "BJ22", "id": "S113"}, {"car_park_no": "BJ23", "id": "S113"}, {"car_park_no": "BJ24", "id": "S113"}, {"car_park_no": "BJ25", "id": "S113"}, {"car_park_no": "BJ26", "id": "S113"}, {"car_park_no": "BJ27", "id": "S113"}, {"car_park_no": "BJ28", "id": "S113"}, {"car_park_no": "BJ29", "id": "S113"}, {"car_park_no": "BJ3", "id": "S113"}, {"car_park_no": "BJ30", "id": "S113"}, {"car_park_no": "BJ31", "id": "S107"}, {"car_park_no": "BJ32", "id": "S113"}, {"car_park_no": "BJ33", "id": "S113"}, {"car_park_no": "BJ34", "id": "S113"}, {"car_park_no": "BJ35", "id": "S113"}, {"car_park_no": "BJ36", "id": "S113"}, {"car_park_no": "BJ37", "id": "S113"}, {"car_park_no": "BJ38", "id": "S113"}, {"car_park_no": "BJ39", "id": "S113"}, {"car_park_no": "BJ4", "id": "S113"}, {"car_park_no": "BJ40", "id": "S113"}, {"car_park_no": "BJ41", "id": "S113"}, {"car_park_no": "BJ42", "id": "S113"}, {"car_park_no": "BJ43", "id": "S113"}, {"car_park_no": "BJ44", "id": "S113"}, {"car_park_no": "BJ45", "id": "S113"}, {"car_park_no": "BJ48", "id": "S113"}, {"car_park_no": "BJ49", "id": "S113"}, {"car_park_no": "BJ5", "id": "S113"}, {"car_park_no": "BJ50", "id": "S107"}, {"car_park_no": "BJ51", "id": "S113"}, {"car_park_no": "BJ52", "id": "S113"}, {"car_park_no": "BJ53", "id": "S107"}, {"car_park_no": "BJ54", "id": "S107"}, {"car_park_no": "BJ55", "id": "S113"}, {"car_park_no": "BJ56", "id": "S113"}, {"car_park_no": "BJ57", "id": "S113"}, {"car_park_no": "BJ58", "id": "S107"}, {"car_park_no": "BJ59", "id": "S107"}, {"car_park_no": "BJ6", "id": "S113"}, {"car_park_no": "BJ60", "id": "S107"}, {"car_park_no": "BJ61", "id": "S107"}, {"car_park_no": "BJ62", "id": "S113"}, {"car_park_no": "BJ63", "id": "S113"}, {"car_park_no": "BJ65", "id": "S113"}, {"car_park_no": "BJ66", "id": "S113"}, {"car_park_no": "BJ67", "id": "S113"}, {"car_park_no": "BJ68", "id": "S113"}, {"car_park_no": "BJ69", "id": "S113"}, {"car_park_no": "BJ70", "id": "S107"}, {"car_park_no": "BJ71", "id": "S113"}, {"car_park_no": "BJ72", "id": "S107"}, {"car_park_no": "BJ8", "id": "S113"}, {"car_park_no": "BKE1", "id": "S214"}, {"car_park_no": "BKE2", "id": "S214"}, {"car_park_no": "BKE3", "id": "S214"}, {"car_park_no": "BKE4", "id": "S214"}, {"car_park_no": "BKE7", "id": "S214"}, {"car_park_no": "BKE9", "id": "S214"}, {"car_park_no": "BKRM", "id": "S214"}, {"car_park_no": "BLM", "id": "S214"}, {"car_park_no": "BL10", "id": "S60"}, {"car_park_no": "BL13", "id": "S60"}, {"car_park_no": "BL15", "id": "S60"}, {"car_park_no": "BL17", "id": "S60"}, {"car_park_no": "BL18", "id": "S60"}, {"car_park_no": "BL19", "id": "S60"}, {"car_park_no": "BL20", "id": "S60"}, {"car_park_no": "BL21", "id": "S60"}, {"car_park_no": "BL22", "id": "S60"}, {"car_park_no": "BL23", "id": "S60"}, {"car_park_no": "BL3", "id": "S60"}, {"car_park_no": "BL8", "id": "S60"}, {"car_park_no": "BL8L", "id": "S60"}, {"car_park_no": "BL9", "id": "S60"}, {"car_park_no": "BMVM", "id": "S60"}, {"car_park_no": "BM1", "id": "S60"}, {"car_park_no": "BM10", "id": "S60"}, {"car_park_no": "BM12", "id": "S60"}, {"car_park_no": "BM13", "id": "S60"}, {"car_park_no": "BM14", "id": "S60"}, {"car_park_no": "BM19", "id": "S60"}, {"car_park_no": "BM2", "id": "S60"}, {"car_park_no": "BM20", "id": "S60"}, {"car_park_no": "BM26", "id": "S60"}, {"car_park_no": "BM27", "id": "S60"}, {"car_park_no": "BM28", "id": "S60"}, {"car_park_no": "BM29", "id": "S60"}, {"car_park_no": "BM3", "id": "S60"}, {"car_park_no": "BM30", "id": "S60"}, {"car_park_no": "BM31", "id": "S60"}, {"car_park_no": "BM33", "id": "S60"}, {"car_park_no": "BM36", "id": "S60"}, {"car_park_no": "BM4", "id": "S60"}, {"car_park_no": "BM5", "id": "S60"}, {"car_park_no": "BM6", "id": "S60"}, {"car_park_no": "BM9", "id": "S60"}, {"car_park_no": "BP1", "id": "S60"}, {"car_park_no": "BP2", "id": "S60"}, {"car_park_no": "BRBL", "id": "S214"}, {"car_park_no": "BRB1", "id": "S214"}, {"car_park_no": "BRM", "id": "S214"}, {"car_park_no": "BRM1", "id": "S214"}, {"car_park_no": "BRM2", "id": "S214"}, {"car_park_no": "BRM3", "id": "S214"}, {"car_park_no": "BRM4", "id": "S214"}, {"car_park_no": "BRM5", "id": "S214"}, {"car_park_no": "BRM6", "id": "S214"}, {"car_park_no": "BRM7", "id": "S214"}, {"car_park_no": "BR10", "id": "S214"}, {"car_park_no": "BR11", "id": "S214"}, {"car_park_no": "BR12", "id": "S214"}, {"car_park_no": "BR14", "id": "S214"}, {"car_park_no": "BR18", "id": "S214"}, {"car_park_no": "BR21", "id": "S214"}, {"car_park_no": "BR22", "id": "S214"}, {"car_park_no": "BR4", "id": "S214"}, {"car_park_no": "BR5", "id": "S214"}, {"car_park_no": "BR6", "id": "S214"}, {"car_park_no": "BR8", "id": "S214"}, {"car_park_no": "BR9", "id": "S214"}, {"car_park_no": "BTM", "id": "S60"}, {"car_park_no": "BTM2", "id": "S60"}, {"car_park_no": "BTM3", "id": "S60"}, {"car_park_no": "BVM2", "id": "S60"}, {"car_park_no": "BWM", "id": "S60"}, {"car_park_no": "B10", "id": "S221"}, {"car_park_no": "B10M", "id": "S221"}, {"car_park_no": "B11", "id": "S221"}, {"car_park_no": "B12", "id": "S221"}, {"car_park_no": "B13", "id": "S221"}, {"car_park_no": "B14", "id": "S221"}, {"car_park_no": "B16", "id": "S219"}, {"car_park_no": "B17", "id": "S219"}, {"car_park_no": "B19", "id": "S219"}, {"car_park_no": "B20", "id": "S219"}, {"car_park_no": "B21", "id": "S220"}, {"car_park_no": "B23M", "id": "S220"}, {"car_park_no": "B24", "id": "S220"}, {"car_park_no": "B24A", "id": "S220"}, {"car_park_no": "B25", "id": "S220"}, {"car_park_no": "B26", "id": "S220"}, {"car_park_no": "B27", "id": "S220"}, {"car_park_no": "B28", "id": "S220"}, {"car_park_no": "B30", "id": "S220"}, {"car_park_no": "B31", "id": "S220"}, {"car_park_no": "B32", "id": "S220"}, {"car_park_no": "B33", "id": "S221"}, {"car_park_no": "B34", "id": "S220"}, {"car_park_no": "B35", "id": "S221"}, {"car_park_no": "B40", "id": "S221"}, {"car_park_no": "B41", "id": "S221"}, {"car_park_no": "B42", "id": "S221"}, {"car_park_no": "B43", "id": "S221"}, {"car_park_no": "B44", "id": "S221"}, {"car_park_no": "B44A", "id": "S221"}, {"car_park_no": "B44B", "id": "S221"}, {"car_park_no": "B45", "id": "S221"}, {"car_park_no": "B46", "id": "S221"}, {"car_park_no": "B47", "id": "S221"}, {"car_park_no": "B48", "id": "S221"}, {"car_park_no": "B48B", "id": "S221"}, {"car_park_no": "B49", "id": "S221"}, {"car_park_no": "B50", "id": "S221"}, {"car_park_no": "B50A", "id": "S221"}, {"car_park_no": "B50B", "id": "S221"}, {"car_park_no": "B51", "id": "S221"}, {"car_park_no": "B52", "id": "S221"}, {"car_park_no": "B53", "id": "S221"}, {"car_park_no": "B54", "id": "S221"}, {"car_park_no": "B57", "id": "S221"}, {"car_park_no": "B59", "id": "S221"}, {"car_park_no": "B6", "id": "S221"}, {"car_park_no": "B6M", "id": "S221"}, {"car_park_no": "B6T", "id": "S221"}, {"car_park_no": "B60", "id": "S221"}, {"car_park_no": "B63", "id": "S221"}, {"car_park_no": "B65", "id": "S219"}, {"car_park_no": "B65L", "id": "S219"}, {"car_park_no": "B65M", "id": "S219"}, {"car_park_no": "B66", "id": "S43"}, {"car_park_no": "B67", "id": "S43"}, {"car_park_no": "B68", "id": "S219"}, {"car_park_no": "B69", "id": "S220"}, {"car_park_no": "B7", "id": "S221"}, {"car_park_no": "B7A", "id": "S221"}, {"car_park_no": "B7B", "id": "S221"}, {"car_park_no": "B70", "id": "S221"}, {"car_park_no": "B71", "id": "S221"}, {"car_park_no": "B72", "id": "S43"}, {"car_park_no": "B73", "id": "S43"}, {"car_park_no": "B74", "id": "S43"}, {"car_park_no": "B75", "id": "S221"}, {"car_park_no": "B76", "id": "S220"}, {"car_park_no": "B77", "id": "S220"}, {"car_park_no": "B78", "id": "S220"}, {"car_park_no": "B79", "id": "S220"}, {"car_park_no": "B8", "id": "S221"}, {"car_park_no": "B8B", "id": "S221"}, {"car_park_no": "B80", "id": "S221"}, {"car_park_no": "B81", "id": "S219"}, {"car_park_no": "B82", "id": "S221"}, {"car_park_no": "B83", "id": "S221"}, {"car_park_no": "B84", "id": "S221"}, {"car_park_no": "B85", "id": "S220"}, {"car_park_no": "B86", "id": "S220"}, {"car_park_no": "B87", "id": "S219"}, {"car_park_no": "B88", "id": "S219"}, {"car_park_no": "B89", "id": "S220"}, {"car_park_no": "B9", "id": "S221"}, {"car_park_no": "B90", "id": "S219"}, {"car_park_no": "B91", "id": "S221"}, {"car_park_no": "B92", "id": "S219"}, {"car_park_no": "B93", "id": "S219"}, {"car_park_no": "B94", "id": "S221"}, {"car_park_no": "B94A", "id": "S221"}, {"car_park_no": "B95", "id": "S219"}, {"car_park_no": "B96", "id": "S221"}, {"car_park_no": "B97", "id": "S221"}, {"car_park_no": "B98", "id": "S221"}, {"car_park_no": "B99M", "id": "S221"}, {"car_park_no": "CAM", "id": "S60"}, {"car_park_no": "CCKC", "id": "S113"}, {"car_park_no": "CCM", "id": "S60"}, {"car_park_no": "CC1", "id": "S221"}, {"car_park_no": "CC10", "id": "S221"}, {"car_park_no": "CC11", "id": "S221"}, {"car_park_no": "CC12", "id": "S221"}, {"car_park_no": "CC4", "id": "S221"}, {"car_park_no": "CC5", "id": "S221"}, {"car_park_no": "CC6", "id": "S221"}, {"car_park_no": "CC7", "id": "S221"}, {"car_park_no": "CC8", "id": "S221"}, {"car_park_no": "CC9", "id": "S221"}, {"car_park_no": "CDM", "id": "S60"}, {"car_park_no": "CKK1", "id": "S113"}, {"car_park_no": "CKM1", "id": "S113"}, {"car_park_no": "CKM2", "id": "S107"}, {"car_park_no": "CKM3", "id": "S113"}, {"car_park_no": "CKM4", "id": "S113"}, {"car_park_no": "CKM5", "id": "S60"}, {"car_park_no": "CKM6", "id": "S60"}, {"car_park_no": "CKM7", "id": "S60"}, {"car_park_no": "CKM8", "id": "S60"}, {"car_park_no": "CKM9", "id": "S113"}, {"car_park_no": "CKT1", "id": "S113"}, {"car_park_no": "CKT2", "id": "S113"}, {"car_park_no": "CK1", "id": "S113"}, {"car_park_no": "CK10", "id": "S113"}, {"car_park_no": "CK11", "id": "S113"}, {"car_park_no": "CK12", "id": "S113"}, {"car_park_no": "CK13", "id": "S113"}, {"car_park_no": "CK14", "id": "S113"}, {"car_park_no": "CK15", "id": "S113"}, {"car_park_no": "CK16", "id": "S113"}, {"car_park_no": "CK17", "id": "S113"}, {"car_park_no": "CK18", "id": "S113"}, {"car_park_no": "CK19", "id": "S113"}, {"car_park_no": "CK2", "id": "S113"}, {"car_park_no": "CK20", "id": "S113"}, {"car_park_no": "CK22", "id": "S113"}, {"car_park_no": "CK23", "id": "S113"}, {"car_park_no": "CK24", "id": "S113"}, {"car_park_no": "CK25", "id": "S113"}, {"car_park_no": "CK26", "id": "S113"}, {"car_park_no": "CK28", "id": "S113"}, {"car_park_no": "CK29", "id": "S113"}, {"car_park_no": "CK3", "id": "S113"}, {"car_park_no": "CK3A", "id": "S113"}, {"car_park_no": "CK30", "id": "S113"}, {"car_park_no": "CK31", "id": "S113"}, {"car_park_no": "CK32", "id": "S113"}, {"car_park_no": "CK33", "id": "S113"}, {"car_park_no": "CK34", "id": "S113"}, {"car_park_no": "CK35", "id": "S113"}, {"car_park_no": "CK36", "id": "S107"}, {"car_park_no": "CK37", "id": "S107"}, {"car_park_no": "CK38", "id": "S107"}, {"car_park_no": "CK39", "id": "S107"}, {"car_park_no": "CK4", "id": "S113"}, {"car_park_no": "CK4A", "id": "S113"}, {"car_park_no": "CK40", "id": "S107"}, {"car_park_no": "CK41", "id": "S107"}, {"car_park_no": "CK42", "id": "S107"}, {"car_park_no": "CK44", "id": "S107"}, {"car_park_no": "CK45", "id": "S107"}, {"car_park_no": "CK46", "id": "S107"}, {"car_park_no": "CK47", "id": "S107"}, {"car_park_no": "CK48", "id": "S107"}, {"car_park_no": "CK49", "id": "S107"}, {"car_park_no": "CK5", "id": "S113"}, {"car_park_no": "CK50", "id": "S107"}, {"car_park_no": "CK51", "id": "S107"}, {"car_park_no": "CK52", "id": "S107"}, {"car_park_no": "CK53", "id": "S107"}, {"car_park_no": "CK54", "id": "S107"}, {"car_park_no": "CK55", "id": "S107"}, {"car_park_no": "CK56", "id": "S107"}, {"car_park_no": "CK57", "id": "S107"}, {"car_park_no": "CK58", "id": "S107"}, {"car_park_no": "CK59", "id": "S113"}, {"car_park_no": "CK6", "id": "S113"}, {"car_park_no": "CK6A", "id": "S113"}, {"car_park_no": "CK60", "id": "S107"}, {"car_park_no": "CK61", "id": "S107"}, {"car_park_no": "CK62", "id": "S107"}, {"car_park_no": "CK63", "id": "S107"}, {"car_park_no": "CK64", "id": "S107"}, {"car_park_no": "CK65", "id": "S107"}, {"car_park_no": "CK66", "id": "S107"}, {"car_park_no": "CK7", "id": "S113"}, {"car_park_no": "CK70", "id": "S60"}, {"car_park_no": "CK71", "id": "S60"}, {"car_park_no": "CK72", "id": "S60"}, {"car_park_no": "CK73", "id": "S113"}, {"car_park_no": "CK74", "id": "S60"}, {"car_park_no": "CK75", "id": "S113"}, {"car_park_no": "CK76", "id": "S113"}, {"car_park_no": "CK77", "id": "S113"}, {"car_park_no": "CK78", "id": "S113"}, {"car_park_no": "CK8", "id": "S113"}, {"car_park_no": "CK8A", "id": "S113"}, {"car_park_no": "CK9", "id": "S113"}, {"car_park_no": "CK9A", "id": "S113"}, {"car_park_no": "CLM", "id": "S60"}, {"car_park_no": "CLRG", "id": "S60"}, {"car_park_no": "CLTR", "id": "S60"}, {"car_park_no": "CM1", "id": "S222"}, {"car_park_no": "CR1", "id": "S214"}, {"car_park_no": "CR1A", "id": "S214"}, {"car_park_no": "CR1B", "id": "S214"}, {"car_park_no": "CR2", "id": "S214"}, {"car_park_no": "CR29", "id": "S214"}, {"car_park_no": "CR3", "id": "S214"}, {"car_park_no": "CR30", "id": "S214"}, {"car_park_no": "CR31", "id": "S214"}, {"car_park_no": "CR4", "id": "S214"}, {"car_park_no": "CR5", "id": "S214"}, {"car_park_no": "CR6", "id": "S214"}, {"car_park_no": "CR7", "id": "S214"}, {"car_park_no": "CSM", "id": "S118"}, {"car_park_no": "CTM1", "id": "S60"}, {"car_park_no": "CVBK", "id": "S214"}, {"car_park_no": "CV1", "id": "S106"}, {"car_park_no": "CV2", "id": "S106"}, {"car_park_no": "CV3", "id": "S106"}, {"car_park_no": "CV4", "id": "S106"}, {"car_park_no": "CY", "id": "S118"}, {"car_park_no": "C10", "id": "S60"}, {"car_park_no": "C11", "id": "S60"}, {"car_park_no": "C12", "id": "S60"}, {"car_park_no": "C13M", "id": "S60"}, {"car_park_no": "C14M", "id": "S60"}, {"car_park_no": "C15M", "id": "S60"}, {"car_park_no": "C16", "id": "S60"}, {"car_park_no": "C17", "id": "S60"}, {"car_park_no": "C18", "id": "S60"}, {"car_park_no": "C18A", "id": "S60"}, {"car_park_no": "C19M", "id": "S60"}, {"car_park_no": "C20", "id": "S60"}, {"car_park_no": "C20M", "id": "S60"}, {"car_park_no": "C21L", "id": "S60"}, {"car_park_no": "C21M", "id": "S60"}, {"car_park_no": "C22M", "id": "S60"}, {"car_park_no": "C24", "id": "S60"}, {"car_park_no": "C25", "id": "S60"}, {"car_park_no": "C26", "id": "S60"}, {"car_park_no": "C27", "id": "S60"}, {"car_park_no": "C28", "id": "S60"}, {"car_park_no": "C28M", "id": "S60"}, {"car_park_no": "C29", "id": "S60"}, {"car_park_no": "C29A", "id": "S60"}, {"car_park_no": "C3M", "id": "S60"}, {"car_park_no": "C3ML", "id": "S60"}, {"car_park_no": "C30", "id": "S60"}, {"car_park_no": "C31", "id": "S60"}, {"car_park_no": "C32", "id": "S60"}, {"car_park_no": "C33", "id": "S60"}, {"car_park_no": "C34", "id": "S60"}, {"car_park_no": "C35", "id": "S60"}, {"car_park_no": "C36", "id": "S60"}, {"car_park_no": "C37", "id": "S60"}, {"car_park_no": "C38", "id": "S60"}, {"car_park_no": "C39", "id": "S60"}, {"car_park_no": "C4M", "id": "S60"}, {"car_park_no": "C41", "id": "S60"}, {"car_park_no": "C5", "id": "S60"}, {"car_park_no": "C6", "id": "S60"}, {"car_park_no": "C7", "id": "S60"}, {"car_park_no": "C8", "id": "S60"}, {"car_park_no": "C9", "id": "S60"}, {"car_park_no": "DRM1", "id": "S60"}, {"car_park_no": "DRM2", "id": "S60"}, {"car_park_no": "DRM3", "id": "S60"}, {"car_park_no": "DRM4", "id": "S60"}, {"car_park_no": "DRM5", "id": "S60"}, {"car_park_no": "DRS", "id": "S60"}, {"car_park_no": "DSRL", "id": "S60"}, {"car_park_no": "DSR1", "id": "S60"}, {"car_park_no": "DSR2", "id": "S60"}, {"car_park_no": "DUXM", "id": "S222"}, {"car_park_no": "DWSO", "id": "S60"}, {"car_park_no": "DWSP", "id": "S60"}, {"car_park_no": "DWST", "id": "S60"}, {"car_park_no": "DWSV", "id": "S60"}, {"car_park_no": "DWVT", "id": "S60"}, {"car_park_no": "ECM", "id": "S43"}, {"car_park_no": "EC2", "id": "S43"}, {"car_park_no": "EC3", "id": "S43"}, {"car_park_no": "EC4", "id": "S43"}, {"car_park_no": "EC5", "id": "S43"}, {"car_park_no": "EC7", "id": "S43"}, {"car_park_no": "EC7T", "id": "S43"}, {"car_park_no": "EC8", "id": "S43"}, {"car_park_no": "EI1", "id": "S215"}, {"car_park_no": "EI3", "id": "S43"}, {"car_park_no": "EPL", "id": "S222"}, {"car_park_no": "EPM", "id": "S222"}, {"car_park_no": "FRM", "id": "S214"}, {"car_park_no": "FR2C", "id": "S60"}, {"car_park_no": "FR2S", "id": "S60"}, {"car_park_no": "FR3M", "id": "S60"}, {"car_park_no": "FR4M", "id": "S60"}, {"car_park_no": "GBM", "id": "S78"}, {"car_park_no": "GEM", "id": "S215"}, {"car_park_no": "GEML", "id": "S215"}, {"car_park_no": "GE1A", "id": "S215"}, {"car_park_no": "GE1B", "id": "S215"}, {"car_park_no": "GE1C", "id": "S215"}, {"car_park_no": "GE1D", "id": "S215"}, {"car_park_no": "GE1E", "id": "S215"}, {"car_park_no": "GE1F", "id": "S215"}, {"car_park_no": "GE1G", "id": "S215"}, {"car_park_no": "GE2", "id": "S215"}, {"car_park_no": "GE3", "id": "S215"}, {"car_park_no": "GE5", "id": "S215"}, {"car_park_no": "GMLM", "id": "S60"}, {"car_park_no": "GM1A", "id": "S60"}, {"car_park_no": "GM1B", "id": "S60"}, {"car_park_no": "GM1M", "id": "S60"}, {"car_park_no": "GM2", "id": "S60"}, {"car_park_no": "GM2A", "id": "S60"}, {"car_park_no": "GM3", "id": "S60"}, {"car_park_no": "GM5", "id": "S60"}, {"car_park_no": "GM6A", "id": "S60"}, {"car_park_no": "GM6B", "id": "S60"}, {"car_park_no": "GSM", "id": "S43"}, {"car_park_no": "GSML", "id": "S43"}, {"car_park_no": "HCM", "id": "S60"}, {"car_park_no": "HDBH", "id": "S214"}, {"car_park_no": "HE1", "id": "S60"}, {"car_park_no": "HE12", "id": "S60"}, {"car_park_no": "HE14", "id": "S60"}, {"car_park_no": "HE17", "id": "S60"}, {"car_park_no": "HE19", "id": "S60"}, {"car_park_no": "HE22", "id": "S60"}, {"car_park_no": "HE24", "id": "S60"}, {"car_park_no": "HE3", "id": "S60"}, {"car_park_no": "HE4", "id": "S60"}, {"car_park_no": "HE9", "id": "S60"}, {"car_park_no": "HG1", "id": "S61"}, {"car_park_no": "HG1A", "id": "S84"}, {"car_park_no": "HG1B", "id": "S84"}, {"car_park_no": "HG1C", "id": "S84"}, {"car_park_no": "HG1D", "id": "S61"}, {"car_park_no": "HG1E", "id": "S61"}, {"car_park_no": "HG1F", "id": "S61"}, {"car_park_no": "HG10", "id": "S61"}, {"car_park_no": "HG11", "id": "S61"}, {"car_park_no": "HG12", "id": "S61"}, {"car_park_no": "HG13", "id": "S61"}, {"car_park_no": "HG14", "id": "S61"}, {"car_park_no": "HG15", "id": "S61"}, {"car_park_no": "HG16", "id": "S61"}, {"car_park_no": "HG17", "id": "S61"}, {"car_park_no": "HG18", "id": "S61"}, {"car_park_no": "HG19", "id": "S61"}, {"car_park_no": "HG2", "id": "S61"}, {"car_park_no": "HG2A", "id": "S84"}, {"car_park_no": "HG2B", "id": "S212"}, {"car_park_no": "HG2C", "id": "S84"}, {"car_park_no": "HG2D", "id": "S212"}, {"car_park_no": "HG20", "id": "S61"}, {"car_park_no": "HG22", "id": "S61"}, {"car_park_no": "HG23", "id": "S61"}, {"car_park_no": "HG24", "id": "S61"}, {"car_park_no": "HG26", "id": "S84"}, {"car_park_no": "HG29", "id": "S84"}, {"car_park_no": "HG3A", "id": "S207"}, {"car_park_no": "HG3B", "id": "S212"}, {"car_park_no": "HG3C", "id": "S207"}, {"car_park_no": "HG3D", "id": "S212"}, {"car_park_no": "HG3E", "id": "S207"}, {"car_park_no": "HG3L", "id": "S207"}, {"car_park_no": "HG30", "id": "S84"}, {"car_park_no": "HG31", "id": "S84"}, {"car_park_no": "HG32", "id": "S212"}, {"car_park_no": "HG33", "id": "S212"}, {"car_park_no": "HG34", "id": "S212"}, {"car_park_no": "HG35", "id": "S61"}, {"car_park_no": "HG36", "id": "S61"}, {"car_park_no": "HG37", "id": "S212"}, {"car_park_no": "HG38", "id": "S212"}, {"car_park_no": "HG39", "id": "S212"}, {"car_park_no": "HG4", "id": "S61"}, {"car_park_no": "HG40", "id": "S61"}, {"car_park_no": "HG41", "id": "S212"}, {"car_park_no": "HG42", "id": "S212"}, {"car_park_no": "HG43", "id": "S212"}, {"car_park_no": "HG44", "id": "S212"}, {"car_park_no": "HG45", "id": "S212"}, {"car_park_no": "HG46", "id": "S212"}, {"car_park_no": "HG47", "id": "S212"}, {"car_park_no": "HG48", "id": "S212"}, {"car_park_no": "HG49", "id": "S84"}, {"car_park_no": "HG5", "id": "S61"}, {"car_park_no": "HG50", "id": "S212"}, {"car_park_no": "HG51", "id": "S212"}, {"car_park_no": "HG52", "id": "S212"}, {"car_park_no": "HG53", "id": "S212"}, {"car_park_no": "HG54", "id": "S61"}, {"car_park_no": "HG55", "id": "S212"}, {"car_park_no": "HG56", "id": "S212"}, {"car_park_no": "HG57", "id": "S61"}, {"car_park_no": "HG58", "id": "S61"}, {"car_park_no": "HG59", "id": "S61"}, {"car_park_no": "HG60", "id": "S212"}, {"car_park_no": "HG61", "id": "S212"}, {"car_park_no": "HG62", "id": "S212"}, {"car_park_no": "HG63", "id": "S84"}, {"car_park_no": "HG64", "id": "S212"}, {"car_park_no": "HG65", "id": "S215"}, {"car_park_no": "HG66", "id": "S215"}, {"car_park_no": "HG67", "id": "S84"}, {"car_park_no": "HG68", "id": "S212"}, {"car_park_no": "HG69", "id": "S212"}, {"car_park_no": "HG7", "id": "S61"}, {"car_park_no": "HG70", "id": "S212"}, {"car_park_no": "HG71", "id": "S212"}, {"car_park_no": "HG72", "id": "S212"}, {"car_park_no": "HG73", "id": "S212"}, {"car_park_no": "HG74", "id": "S61"}, {"car_park_no": "HG75", "id": "S61"}, {"car_park_no": "HG76", "id": "S61"}, {"car_park_no": "HG77", "id": "S212"}, {"car_park_no": "HG78", "id": "S212"}, {"car_park_no": "HG79", "id": "S212"}, {"car_park_no": "HG80", "id": "S212"}, {"car_park_no": "HG81", "id": "S61"}, {"car_park_no": "HG82", "id": "S61"}, {"car_park_no": "HG83", "id": "S61"}, {"car_park_no": "HG84", "id": "S61"}, {"car_park_no": "HG85", "id": "S61"}, {"car_park_no": "HG86", "id": "S212"}, {"car_park_no": "HG87", "id": "S212"}, {"car_park_no": "HG88", "id": "S212"}, {"car_park_no": "HG89", "id": "S212"}, {"car_park_no": "HG9", "id": "S61"}, {"car_park_no": "HG9T", "id": "S61"}, {"car_park_no": "HG90", "id": "S212"}, {"car_park_no": "HG91", "id": "S212"}, {"car_park_no": "HG92", "id": "S61"}, {"car_park_no": "HG93", "id": "S212"}, {"car_park_no": "HG94", "id": "S212"}, {"car_park_no": "HG95", "id": "S61"}, {"car_park_no": "HG96", "id": "S61"}, {"car_park_no": "HG97", "id": "S212"}, {"car_park_no": "HG98", "id": "S212"}, {"car_park_no": "HG99", "id": "S61"}, {"car_park_no": "HLM", "id": "S118"}, {"car_park_no": "HRM", "id": "S60"}, {"car_park_no": "HR1", "id": "S43"}, {"car_park_no": "HR2", "id": "S43"}, {"car_park_no": "HR3", "id": "S43"}, {"car_park_no": "HR4", "id": "S215"}, {"car_park_no": "HR5", "id": "S215"}, {"car_park_no": "HVM", "id": "S60"}, {"car_park_no": "H11", "id": "S60"}, {"car_park_no": "H12", "id": "S60"}, {"car_park_no": "H14", "id": "S60"}, {"car_park_no": "H15", "id": "S60"}, {"car_park_no": "H17", "id": "S60"}, {"car_park_no": "H18", "id": "S60"}, {"car_park_no": "H3", "id": "S118"}, {"car_park_no": "H3BL", "id": "S212"}, {"car_park_no": "H3DL", "id": "S212"}, {"car_park_no": "H4", "id": "S60"}, {"car_park_no": "H42A", "id": "S212"}, {"car_park_no": "H6", "id": "S60"}, {"car_park_no": "H6M", "id": "S60"}, {"car_park_no": "H8", "id": "S60"}, {"car_park_no": "H87L", "id": "S212"}, {"car_park_no": "H93L", "id": "S212"}, {"car_park_no": "JBM", "id": "S60"}, {"car_park_no": "JBM2", "id": "S60"}, {"car_park_no": "JB1", "id": "S123"}, {"car_park_no": "JB2", "id": "S123"}, {"car_park_no": "JB3", "id": "S123"}, {"car_park_no": "JB4", "id": "S123"}, {"car_park_no": "JCM", "id": "S43"}, {"car_park_no": "JCML", "id": "S43"}, {"car_park_no": "JKM", "id": "S118"}, {"car_park_no": "JKS", "id": "S118"}, {"car_park_no": "JMB1", "id": "S60"}, {"car_park_no": "JMB2", "id": "S60"}, {"car_park_no": "JMB3", "id": "S60"}, {"car_park_no": "JMS", "id": "S118"}, {"car_park_no": "JM1", "id": "S60"}, {"car_park_no": "JM10", "id": "S60"}, {"car_park_no": "JM11", "id": "S60"}, {"car_park_no": "JM12", "id": "S60"}, {"car_park_no": "JM13", "id": "S60"}, {"car_park_no": "JM14", "id": "S60"}, {"car_park_no": "JM15", "id": "S60"}, {"car_park_no": "JM16", "id": "S60"}, {"car_park_no": "JM17", "id": "S60"}, {"car_park_no": "JM18", "id": "S60"}, {"car_park_no": "JM19", "id": "S60"}, {"car_park_no": "JM2", "id": "S60"}, {"car_park_no": "JM20", "id": "S60"}, {"car_park_no": "JM21", "id": "S60"}, {"car_park_no": "JM22", "id": "S60"}, {"car_park_no": "JM23", "id": "S60"}, {"car_park_no": "JM24", "id": "S60"}, {"car_park_no": "JM25", "id": "S60"}, {"car_park_no": "JM26", "id": "S60"}, {"car_park_no": "JM27", "id": "S60"}, {"car_park_no": "JM28", "id": "S60"}, {"car_park_no": "JM29", "id": "S60"}, {"car_park_no": "JM3", "id": "S60"}, {"car_park_no": "JM30", "id": "S60"}, {"car_park_no": "JM31", "id": "S60"}, {"car_park_no": "JM32", "id": "S60"}, {"car_park_no": "JM4", "id": "S60"}, {"car_park_no": "JM5", "id": "S60"}, {"car_park_no": "JM6", "id": "S60"}, {"car_park_no": "JM7", "id": "S60"}, {"car_park_no": "JM8", "id": "S60"}, {"car_park_no": "JM9", "id": "S60"}, {"car_park_no": "JRM", "id": "S214"}, {"car_park_no": "JRTM", "id": "S60"}, {"car_park_no": "JSA1", "id": "S60"}, {"car_park_no": "JSR2", "id": "S60"}, {"car_park_no": "JS1L", "id": "S60"}, {"car_park_no": "JS3L", "id": "S60"}, {"car_park_no": "JS4L", "id": "S60"}, {"car_park_no": "JS5L", "id": "S60"}, {"car_park_no": "J1", "id": "S60"}, {"car_park_no": "J10", "id": "S60"}, {"car_park_no": "J11", "id": "S60"}, {"car_park_no": "J12", "id": "S60"}, {"car_park_no": "J13", "id": "S60"}, {"car_park_no": "J14", "id": "S60"}, {"car_park_no": "J15", "id": "S60"}, {"car_park_no": "J16", "id": "S60"}, {"car_park_no": "J17", "id": "S60"}, {"car_park_no": "J18", "id": "S60"}, {"car_park_no": "J19", "id": "S60"}, {"car_park_no": "J2", "id": "S60"}, {"car_park_no": "J20", "id": "S60"}, {"car_park_no": "J21", "id": "S60"}, {"car_park_no": "J21A", "id": "S60"}, {"car_park_no": "J22", "id": "S60"}, {"car_park_no": "J23", "id": "S60"}, {"car_park_no": "J23M", "id": "S60"}, {"car_park_no": "J24", "id": "S60"}, {"car_park_no": "J25", "id": "S60"}, {"car_park_no": "J26", "id": "S60"}, {"car_park_no": "J27", "id": "S60"}, {"car_park_no": "J28", "id": "S60"}, {"car_park_no": "J29", "id": "S60"}, {"car_park_no": "J3", "id": "S60"}, {"car_park_no": "J30", "id": "S60"}, {"car_park_no": "J32", "id": "S60"}, {"car_park_no": "J33", "id": "S60"}, {"car_park_no": "J34", "id": "S60"}, {"car_park_no": "J35", "id": "S60"}, {"car_park_no": "J36", "id": "S60"}, {"car_park_no": "J37", "id": "S60"}, {"car_park_no": "J38", "id": "S60"}, {"car_park_no": "J39", "id": "S60"}, {"car_park_no": "J4", "id": "S60"}, {"car_park_no": "J40", "id": "S60"}, {"car_park_no": "J41", "id": "S60"}, {"car_park_no": "J42", "id": "S60"}, {"car_park_no": "J43", "id": "S60"}, {"car_park_no": "J44", "id": "S60"}, {"car_park_no": "J45", "id": "S60"}, {"car_park_no": "J46", "id": "S60"}, {"car_park_no": "J47", "id": "S60"}, {"car_park_no": "J48", "id": "S60"}, {"car_park_no": "J49", "id": "S60"}, {"car_park_no": "J49M", "id": "S60"}, {"car_park_no": "J5", "id": "S60"}, {"car_park_no": "J50", "id": "S60"}, {"car_park_no": "J51", "id": "S60"}, {"car_park_no": "J52", "id": "S60"}, {"car_park_no": "J53", "id": "S60"}, {"car_park_no": "J54", "id": "S60"}, {"car_park_no": "J55", "id": "S60"}, {"car_park_no": "J56", "id": "S60"}, {"car_park_no": "J57", "id": "S60"}, {"car_park_no": "J57L", "id": "S60"}, {"car_park_no": "J58", "id": "S60"}, {"car_park_no": "J6", "id": "S60"}, {"car_park_no": "J60L", "id": "S60"}, {"car_park_no": "J60M", "id": "S60"}, {"car_park_no": "J61", "id": "S60"}, {"car_park_no": "J62", "id": "S60"}, {"car_park_no": "J62M", "id": "S60"}, {"car_park_no": "J63", "id": "S60"}, {"car_park_no": "J64", "id": "S60"}, {"car_park_no": "J65", "id": "S60"}, {"car_park_no": "J66", "id": "S60"}, {"car_park_no": "J67", "id": "S60"}, {"car_park_no": "J68M", "id": "S60"}, {"car_park_no": "J69", "id": "S60"}, {"car_park_no": "J69M", "id": "S60"}, {"car_park_no": "J7", "id": "S60"}, {"car_park_no": "J70", "id": "S60"}, {"car_park_no": "J71", "id": "S60"}, {"car_park_no": "J72", "id": "S60"}, {"car_park_no": "J73", "id": "S60"}, {"car_park_no": "J74", "id": "S60"}, {"car_park_no": "J74M", "id": "S60"}, {"car_park_no": "J75M", "id": "S60"}, {"car_park_no": "J76M", "id": "S60"}, {"car_park_no": "J77M", "id": "S60"}, {"car_park_no": "J78M", "id": "S60"}, {"car_park_no": "J79M", "id": "S60"}, {"car_park_no": "J8", "id": "S60"}, {"car_park_no": "J8M", "id": "S60"}, {"car_park_no": "J80M", "id": "S60"}, {"car_park_no": "J81M", "id": "S60"}, {"car_park_no": "J82M", "id": "S60"}, {"car_park_no": "J83M", "id": "S60"}, {"car_park_no": "J84M", "id": "S60"}, {"car_park_no": "J85M", "id": "S60"}, {"car_park_no": "J86M", "id": "S60"}, {"car_park_no": "J88M", "id": "S60"}, {"car_park_no": "J89M", "id": "S60"}, {"car_park_no": "J9", "id": "S60"}, {"car_park_no": "J90", "id": "S60"}, {"car_park_no": "J91", "id": "S60"}, {"car_park_no": "J92", "id": "S60"}, {"car_park_no": "J93", "id": "S60"}, {"car_park_no": "J94", "id": "S60"}, {"car_park_no": "J95", "id": "S60"}, {"car_park_no": "J96", "id": "S60"}, {"car_park_no": "J97", "id": "S60"}, {"car_park_no": "J98M", "id": "S60"}, {"car_park_no": "J99M", "id": "S60"}, {"car_park_no": "KAB", "id": "S118"}, {"car_park_no": "KAM", "id": "S118"}, {"car_park_no": "KAML", "id": "S118"}, {"car_park_no": "KAS", "id": "S118"}, {"car_park_no": "KBM", "id": "S214"}, {"car_park_no": "KB1", "id": "S78"}, {"car_park_no": "KB10", "id": "S214"}, {"car_park_no": "KB11", "id": "S214"}, {"car_park_no": "KB12", "id": "S214"}, {"car_park_no": "KB14", "id": "S78"}, {"car_park_no": "KB17", "id": "S214"}, {"car_park_no": "KB18", "id": "S214"}, {"car_park_no": "KB20", "id": "S78"}, {"car_park_no": "KB3", "id": "S78"}, {"car_park_no": "KB4", "id": "S78"}, {"car_park_no": "KB6", "id": "S78"}, {"car_park_no": "KB7", "id": "S78"}, {"car_park_no": "KEM1", "id": "S214"}, {"car_park_no": "KE1", "id": "S43"}, {"car_park_no": "KE2", "id": "S221"}, {"car_park_no": "KE3", "id": "S221"}, {"car_park_no": "KE3M", "id": "S221"}, {"car_park_no": "KE4", "id": "S221"}, {"car_park_no": "KJML", "id": "S214"}, {"car_park_no": "KJM1", "id": "S214"}, {"car_park_no": "KJM2", "id": "S214"}, {"car_park_no": "KJ1", "id": "S214"}, {"car_park_no": "KJ2", "id": "S214"}, {"car_park_no": "KJ3", "id": "S214"}, {"car_park_no": "KJ4", "id": "S214"}, {"car_park_no": "KLM", "id": "S214"}, {"car_park_no": "KM1", "id": "S123"}, {"car_park_no": "KM2", "id": "S123"}, {"car_park_no": "KM3", "id": "S123"}, {"car_park_no": "KM4", "id": "S123"}, {"car_park_no": "KM5", "id": "S123"}, {"car_park_no": "KRM", "id": "S214"}, {"car_park_no": "KTM", "id": "S60"}, {"car_park_no": "KTM2", "id": "S60"}, {"car_park_no": "KTM3", "id": "S60"}, {"car_park_no": "KTM4", "id": "S60"}, {"car_park_no": "KTM5", "id": "S60"}, {"car_park_no": "KTM6", "id": "S60"}, {"car_park_no": "KU1", "id": "S43"}, {"car_park_no": "KU2", "id": "S43"}, {"car_park_no": "KU3", "id": "S43"}, {"car_park_no": "KU4", "id": "S43"}, {"car_park_no": "KU5", "id": "S215"}, {"car_park_no": "KU9", "id": "S43"}, {"car_park_no": "K10", "id": "S123"}, {"car_park_no": "K19", "id": "S123"}, {"car_park_no": "K2", "id": "S123"}, {"car_park_no": "K2T", "id": "S123"}, {"car_park_no": "K21", "id": "S123"}, {"car_park_no": "K22", "id": "S123"}, {"car_park_no": "K3T", "id": "S123"}, {"car_park_no": "K52", "id": "S215"}, {"car_park_no": "K7", "id": "S123"}, {"car_park_no": "K9", "id": "S215"}, {"car_park_no": "LBM", "id": "S60"}, {"car_park_no": "LT1", "id": "S43"}, {"car_park_no": "LT2", "id": "S43"}, {"car_park_no": "LT3", "id": "S43"}, {"car_park_no": "L1", "id": "S113"}, {"car_park_no": "MLM", "id": "S60"}, {"car_park_no": "MLM1", "id": "S60"}, {"car_park_no": "MM1", "id": "S215"}, {"car_park_no": "MM2", "id": "S215"}, {"car_park_no": "MM3", "id": "S215"}, {"car_park_no": "MM4", "id": "S215"}, {"car_park_no": "MM5", "id": "S215"}, {"car_park_no": "MM6", "id": "S215"}, {"car_park_no": "MNM", "id": "S214"}, {"car_park_no": "MNRM", "id": "S214"}, {"car_park_no": "MN1", "id": "S214"}, {"car_park_no": "MN2", "id": "S214"}, {"car_park_no": "MP1", "id": "S217"}, {"car_park_no": "MP1M", "id": "S217"}, {"car_park_no": "MP12", "id": "S217"}, {"car_park_no": "MP13", "id": "S217"}, {"car_park_no": "MP14", "id": "S217"}, {"car_park_no": "MP15", "id": "S217"}, {"car_park_no": "MP16", "id": "S217"}, {"car_park_no": "MP17", "id": "S217"}, {"car_park_no": "MP19", "id": "S217"}, {"car_park_no": "MP2", "id": "S217"}, {"car_park_no": "MP2M", "id": "S217"}, {"car_park_no": "MP20", "id": "S217"}, {"car_park_no": "MP3M", "id": "S217"}, {"car_park_no": "MP4M", "id": "S217"}, {"car_park_no": "MP5", "id": "S217"}, {"car_park_no": "MP5M", "id": "S217"}, {"car_park_no": "MP5S", "id": "S217"}, {"car_park_no": "MP6", "id": "S217"}, {"car_park_no": "MP6M", "id": "S217"}, {"car_park_no": "MP6S", "id": "S217"}, {"car_park_no": "MP7", "id": "S217"}, {"car_park_no": "MR3", "id": "S214"}, {"car_park_no": "MR4", "id": "S214"}, {"car_park_no": "MR5", "id": "S214"}, {"car_park_no": "MR6", "id": "S214"}, {"car_park_no": "MR7", "id": "S214"}, {"car_park_no": "M1", "id": "S215"}, {"car_park_no": "M16", "id": "S215"}, {"car_park_no": "M20", "id": "S215"}, {"car_park_no": "M25", "id": "S215"}, {"car_park_no": "M28", "id": "S215"}, {"car_park_no": "M29", "id": "S215"}, {"car_park_no": "M3", "id": "S215"}, {"car_park_no": "M32", "id": "S215"}, {"car_park_no": "M33", "id": "S215"}, {"car_park_no": "M34", "id": "S215"}, {"car_park_no": "M35", "id": "S215"}, {"car_park_no": "M36", "id": "S215"}, {"car_park_no": "M37", "id": "S215"}, {"car_park_no": "M38", "id": "S215"}, {"car_park_no": "M4", "id": "S215"}, {"car_park_no": "NBRM", "id": "S214"}, {"car_park_no": "NTL", "id": "S205"}, {"car_park_no": "NT1", "id": "S205"}, {"car_park_no": "NT2", "id": "S205"}, {"car_park_no": "NT3", "id": "S205"}, {"car_park_no": "NT4", "id": "S205"}, {"car_park_no": "NT5", "id": "S205"}, {"car_park_no": "PDC4", "id": "S113"}, {"car_park_no": "PDC5", "id": "S107"}, {"car_park_no": "PDJ3", "id": "S60"}, {"car_park_no": "PDJ7", "id": "S60"}, {"car_park_no": "PDL1", "id": "S84"}, {"car_park_no": "PDL2", "id": "S224"}, {"car_park_no": "PDP4", "id": "S113"}, {"car_park_no": "PDP5", "id": "S113"}, {"car_park_no": "PDQ5", "id": "S60"}, {"car_park_no": "PDR2", "id": "S81"}, {"car_park_no": "PDR6", "id": "S94"}, {"car_park_no": "PDR7", "id": "S94"}, {"car_park_no": "PDS1", "id": "S84"}, {"car_park_no": "PDT8", "id": "S205"}, {"car_park_no": "PDW5", "id": "S208"}, {"car_park_no": "PDW7", "id": "S208"}, {"car_park_no": "PDW8", "id": "S208"}, {"car_park_no": "PD8W", "id": "S208"}, {"car_park_no": "PLB1", "id": "S205"}, {"car_park_no": "PL10", "id": "S84"}, {"car_park_no": "PL11", "id": "S84"}, {"car_park_no": "PL12", "id": "S84"}, {"car_park_no": "PL13", "id": "S84"}, {"car_park_no": "PL14", "id": "S207"}, {"car_park_no": "PL15", "id": "S84"}, {"car_park_no": "PL16", "id": "S84"}, {"car_park_no": "PL17", "id": "S94"}, {"car_park_no": "PL18", "id": "S84"}, {"car_park_no": "PL19", "id": "S84"}, {"car_park_no": "PL20", "id": "S94"}, {"car_park_no": "PL21", "id": "S94"}, {"car_park_no": "PL22", "id": "S94"}, {"car_park_no": "PL23", "id": "S207"}, {"car_park_no": "PL24", "id": "S84"}, {"car_park_no": "PL25", "id": "S84"}, {"car_park_no": "PL26", "id": "S94"}, {"car_park_no": "PL27", "id": "S207"}, {"car_park_no": "PL28", "id": "S224"}, {"car_park_no": "PL29", "id": "S94"}, {"car_park_no": "PL30", "id": "S84"}, {"car_park_no": "PL31", "id": "S224"}, {"car_park_no": "PL32", "id": "S224"}, {"car_park_no": "PL33", "id": "S224"}, {"car_park_no": "PL34", "id": "S224"}, {"car_park_no": "PL35", "id": "S224"}, {"car_park_no": "PL36", "id": "S224"}, {"car_park_no": "PL37", "id": "S224"}, {"car_park_no": "PL38", "id": "S224"}, {"car_park_no": "PL39", "id": "S207"}, {"car_park_no": "PL40", "id": "S207"}, {"car_park_no": "PL41", "id": "S207"}, {"car_park_no": "PL42", "id": "S224"}, {"car_park_no": "PL43", "id": "S207"}, {"car_park_no": "PL44", "id": "S207"}, {"car_park_no": "PL45", "id": "S84"}, {"car_park_no": "PL46", "id": "S84"}, {"car_park_no": "PL47", "id": "S207"}, {"car_park_no": "PL48", "id": "S207"}, {"car_park_no": "PL49", "id": "S207"}, {"car_park_no": "PL50", "id": "S207"}, {"car_park_no": "PL51", "id": "S207"}, {"car_park_no": "PL52", "id": "S224"}, {"car_park_no": "PL53", "id": "S207"}, {"car_park_no": "PL54", "id": "S207"}, {"car_park_no": "PL55", "id": "S207"}, {"car_park_no": "PL56", "id": "S224"}, {"car_park_no": "PL57", "id": "S94"}, {"car_park_no": "PL58", "id": "S94"}, {"car_park_no": "PL59", "id": "S224"}, {"car_park_no": "PL60", "id": "S224"}, {"car_park_no": "PL61", "id": "S224"}, {"car_park_no": "PL62", "id": "S207"}, {"car_park_no": "PL63", "id": "S224"}, {"car_park_no": "PL64", "id": "S224"}, {"car_park_no": "PL65", "id": "S224"}, {"car_park_no": "PL66", "id": "S84"}, {"car_park_no": "PL67", "id": "S207"}, {"car_park_no": "PL68", "id": "S207"}, {"car_park_no": "PL69", "id": "S94"}, {"car_park_no": "PL70", "id": "S207"}, {"car_park_no": "PL71", "id": "S224"}, {"car_park_no": "PL72", "id": "S207"}, {"car_park_no": "PL73", "id": "S207"}, {"car_park_no": "PL74", "id": "S207"}, {"car_park_no": "PL75", "id": "S224"}, {"car_park_no": "PL76", "id": "S224"}, {"car_park_no": "PL77", "id": "S94"}, {"car_park_no": "PL78", "id": "S224"}, {"car_park_no": "PL80", "id": "S224"}, {"car_park_no": "PL81", "id": "S224"}, {"car_park_no": "PL82", "id": "S224"}, {"car_park_no": "PL83", "id": "S224"}, {"car_park_no": "PM1", "id": "S205"}, {"car_park_no": "PM10", "id": "S81"}, {"car_park_no": "PM11", "id": "S81"}, {"car_park_no": "PM12", "id": "S81"}, {"car_park_no": "PM13", "id": "S205"}, {"car_park_no": "PM14", "id": "S205"}, {"car_park_no": "PM15", "id": "S81"}, {"car_park_no": "PM16", "id": "S81"}, {"car_park_no": "PM17", "id": "S205"}, {"car_park_no": "PM18", "id": "S205"}, {"car_park_no": "PM19", "id": "S205"}, {"car_park_no": "PM2", "id": "S205"}, {"car_park_no": "PM20", "id": "S205"}, {"car_park_no": "PM21", "id": "S205"}, {"car_park_no": "PM22", "id": "S205"}, {"car_park_no": "PM23", "id": "S205"}, {"car_park_no": "PM24", "id": "S205"}, {"car_park_no": "PM25", "id": "S94"}, {"car_park_no": "PM26", "id": "S94"}, {"car_park_no": "PM27", "id": "S94"}, {"car_park_no": "PM28", "id": "S94"}, {"car_park_no": "PM29", "id": "S94"}, {"car_park_no": "PM3", "id": "S205"}, {"car_park_no": "PM30", "id": "S94"}, {"car_park_no": "PM32", "id": "S94"}, {"car_park_no": "PM33", "id": "S94"}, {"car_park_no": "PM34", "id": "S94"}, {"car_park_no": "PM35", "id": "S94"}, {"car_park_no": "PM36", "id": "S94"}, {"car_park_no": "PM37", "id": "S94"}, {"car_park_no": "PM38", "id": "S94"}, {"car_park_no": "PM4", "id": "S205"}, {"car_park_no": "PM40", "id": "S94"}, {"car_park_no": "PM41", "id": "S94"}, {"car_park_no": "PM43", "id": "S94"}, {"car_park_no": "PM44", "id": "S94"}, {"car_park_no": "PM45", "id": "S94"}, {"car_park_no": "PM46", "id": "S94"}, {"car_park_no": "PM5", "id": "S205"}, {"car_park_no": "PM6", "id": "S81"}, {"car_park_no": "PM7", "id": "S81"}, {"car_park_no": "PM8", "id": "S205"}, {"car_park_no": "PM9", "id": "S205"}, {"car_park_no": "PP1", "id": "S78"}, {"car_park_no": "PP2", "id": "S78"}, {"car_park_no": "PP3", "id": "S78"}, {"car_park_no": "PP4", "id": "S78"}, {"car_park_no": "PP5", "id": "S78"}, {"car_park_no": "PP6", "id": "S78"}, {"car_park_no": "PP9T", "id": "S78"}, {"car_park_no": "PRM", "id": "S118"}, {"car_park_no": "PRM1", "id": "S205"}, {"car_park_no": "PRS1", "id": "S205"}, {"car_park_no": "PR1", "id": "S205"}, {"car_park_no": "PR10", "id": "S205"}, {"car_park_no": "PR11", "id": "S205"}, {"car_park_no": "PR12", "id": "S205"}, {"car_park_no": "PR13", "id": "S205"}, {"car_park_no": "PR14", "id": "S205"}, {"car_park_no": "PR2", "id": "S205"}, {"car_park_no": "PR3", "id": "S205"}, {"car_park_no": "PR4", "id": "S205"}, {"car_park_no": "PR5", "id": "S205"}, {"car_park_no": "PR6", "id": "S205"}, {"car_park_no": "PR7", "id": "S205"}, {"car_park_no": "PR8", "id": "S205"}, {"car_park_no": "PR9", "id": "S205"}, {"car_park_no": "P1", "id": "S84"}, {"car_park_no": "P11", "id": "S60"}, {"car_park_no": "P12", "id": "S60"}, {"car_park_no": "P13", "id": "S60"}, {"car_park_no": "P14", "id": "S60"}, {"car_park_no": "P15", "id": "S60"}, {"car_park_no": "P16", "id": "S60"}, {"car_park_no": "P17", "id": "S60"}, {"car_park_no": "P2", "id": "S207"}, {"car_park_no": "P3", "id": "S84"}, {"car_park_no": "P34L", "id": "S224"}, {"car_park_no": "P35L", "id": "S224"}, {"car_park_no": "P4", "id": "S84"}, {"car_park_no": "P40L", "id": "S94"}, {"car_park_no": "P5", "id": "S84"}, {"car_park_no": "P5L", "id": "S84"}, {"car_park_no": "P6", "id": "S84"}, {"car_park_no": "P6L", "id": "S84"}, {"car_park_no": "P7", "id": "S84"}, {"car_park_no": "P73L", "id": "S207"}, {"car_park_no": "P76L", "id": "S224"}, {"car_park_no": "P77L", "id": "S94"}, {"car_park_no": "P8", "id": "S84"}, {"car_park_no": "P9", "id": "S84"}, {"car_park_no": "Q14", "id": "S60"}, {"car_park_no": "Q15", "id": "S60"}, {"car_park_no": "Q16", "id": "S60"}, {"car_park_no": "Q17", "id": "S60"}, {"car_park_no": "Q19", "id": "S60"}, {"car_park_no": "Q2A", "id": "S60"}, {"car_park_no": "Q30", "id": "S60"}, {"car_park_no": "Q4", "id": "S60"}, {"car_park_no": "Q41", "id": "S60"}, {"car_park_no": "Q48", "id": "S60"}, {"car_park_no": "Q49", "id": "S60"}, {"car_park_no": "Q5A", "id": "S60"}, {"car_park_no": "Q5S", "id": "S60"}, {"car_park_no": "Q51", "id": "S60"}, {"car_park_no": "Q52", "id": "S60"}, {"car_park_no": "Q55", "id": "S60"}, {"car_park_no": "Q57", "id": "S60"}, {"car_park_no": "Q58", "id": "S60"}, {"car_park_no": "Q59", "id": "S60"}, {"car_park_no": "Q65", "id": "S60"}, {"car_park_no": "Q65A", "id": "S60"}, {"car_park_no": "Q66", "id": "S60"}, {"car_park_no": "Q67", "id": "S60"}, {"car_park_no": "Q68", "id": "S60"}, {"car_park_no": "Q70", "id": "S60"}, {"car_park_no": "Q72", "id": "S60"}, {"car_park_no": "Q73", "id": "S60"}, {"car_park_no": "Q75M", "id": "S60"}, {"car_park_no": "Q77M", "id": "S60"}, {"car_park_no": "Q8", "id": "S60"}, {"car_park_no": "Q80", "id": "S60"}, {"car_park_no": "Q81", "id": "S60"}, {"car_park_no": "Q84", "id": "S60"}, {"car_park_no": "Q85", "id": "S60"}, {"car_park_no": "Q86", "id": "S60"}, {"car_park_no": "Q87", "id": "S60"}, {"car_park_no": "Q88", "id": "S60"}, {"car_park_no": "Q89", "id": "S60"}, {"car_park_no": "Q92", "id": "S60"}, {"car_park_no": "Q93", "id": "S60"}, {"car_park_no": "Q94", "id": "S60"}, {"car_park_no": "Q95", "id": "S60"}, {"car_park_no": "Q96", "id": "S60"}, {"car_park_no": "Q97", "id": "S60"}, {"car_park_no": "Q98", "id": "S60"}, {"car_park_no": "Q99", "id": "S60"}, {"car_park_no": "RCM", "id": "S214"}, {"car_park_no": "RC1", "id": "S214"}, {"car_park_no": "RC2", "id": "S214"}, {"car_park_no": "RC3", "id": "S214"}, {"car_park_no": "RHM", "id": "S60"}, {"car_park_no": "RHM2", "id": "S60"}, {"car_park_no": "RHM3", "id": "S60"}, {"car_park_no": "RHM4", "id": "S60"}, {"car_park_no": "RHS", "id": "S60"}, {"car_park_no": "SAM", "id": "S60"}, {"car_park_no": "SAM2", "id": "S60"}, {"car_park_no": "SB1", "id": "S208"}, {"car_park_no": "SB10", "id": "S208"}, {"car_park_no": "SB11", "id": "S208"}, {"car_park_no": "SB12", "id": "S208"}, {"car_park_no": "SB13", "id": "S208"}, {"car_park_no": "SB14", "id": "S208"}, {"car_park_no": "SB15", "id": "S208"}, {"car_park_no": "SB16", "id": "S208"}, {"car_park_no": "SB17", "id": "S208"}, {"car_park_no": "SB18", "id": "S208"}, {"car_park_no": "SB19", "id": "S208"}, {"car_park_no": "SB2", "id": "S208"}, {"car_park_no": "SB20", "id": "S208"}, {"car_park_no": "SB21", "id": "S208"}, {"car_park_no": "SB22", "id": "S208"}, {"car_park_no": "SB23", "id": "S208"}, {"car_park_no": "SB24", "id": "S208"}, {"car_park_no": "SB25", "id": "S208"}, {"car_park_no": "SB26", "id": "S208"}, {"car_park_no": "SB27", "id": "S208"}, {"car_park_no": "SB28", "id": "S208"}, {"car_park_no": "SB29", "id": "S208"}, {"car_park_no": "SB3", "id": "S208"}, {"car_park_no": "SB30", "id": "S208"}, {"car_park_no": "SB31", "id": "S208"}, {"car_park_no": "SB32", "id": "S208"}, {"car_park_no": "SB33", "id": "S208"}, {"car_park_no": "SB34", "id": "S208"}, {"car_park_no": "SB35", "id": "S208"}, {"car_park_no": "SB36", "id": "S208"}, {"car_park_no": "SB37", "id": "S208"}, {"car_park_no": "SB38", "id": "S208"}, {"car_park_no": "SB39", "id": "S208"}, {"car_park_no": "SB4", "id": "S208"}, {"car_park_no": "SB40", "id": "S208"}, {"car_park_no": "SB41", "id": "S208"}, {"car_park_no": "SB42", "id": "S208"}, {"car_park_no": "SB43", "id": "S208"}, {"car_park_no": "SB44", "id": "S208"}, {"car_park_no": "SB45", "id": "S208"}, {"car_park_no": "SB46", "id": "S208"}, {"car_park_no": "SB47", "id": "S208"}, {"car_park_no": "SB5", "id": "S208"}, {"car_park_no": "SB6", "id": "S208"}, {"car_park_no": "SB7", "id": "S208"}, {"car_park_no": "SB8", "id": "S208"}, {"car_park_no": "SB9", "id": "S208"}, {"car_park_no": "SDM", "id": "S214"}, {"car_park_no": "SDM2", "id": "S78"}, {"car_park_no": "SD1", "id": "S78"}, {"car_park_no": "SD10", "id": "S214"}, {"car_park_no": "SD11", "id": "S78"}, {"car_park_no": "SD2", "id": "S78"}, {"car_park_no": "SD3", "id": "S78"}, {"car_park_no": "SD4", "id": "S215"}, {"car_park_no": "SD5", "id": "S78"}, {"car_park_no": "SD9", "id": "S214"}, {"car_park_no": "SE1R", "id": "S212"}, {"car_park_no": "SE11", "id": "S212"}, {"car_park_no": "SE12", "id": "S113"}, {"car_park_no": "SE13", "id": "S113"}, {"car_park_no": "SE14", "id": "S113"}, {"car_park_no": "SE15", "id": "S113"}, {"car_park_no": "SE16", "id": "S113"}, {"car_park_no": "SE17", "id": "S113"}, {"car_park_no": "SE18", "id": "S113"}, {"car_park_no": "SE19", "id": "S113"}, {"car_park_no": "SE2", "id": "S212"}, {"car_park_no": "SE20", "id": "S113"}, {"car_park_no": "SE21", "id": "S113"}, {"car_park_no": "SE22", "id": "S113"}, {"car_park_no": "SE23", "id": "S113"}, {"car_park_no": "SE24", "id": "S113"}, {"car_park_no": "SE25", "id": "S113"}, {"car_park_no": "SE26", "id": "S113"}, {"car_park_no": "SE27", "id": "S113"}, {"car_park_no": "SE28", "id": "S113"}, {"car_park_no": "SE29", "id": "S113"}, {"car_park_no": "SE3", "id": "S212"}, {"car_park_no": "SE30", "id": "S212"}, {"car_park_no": "SE31", "id": "S212"}, {"car_park_no": "SE32", "id": "S212"}, {"car_park_no": "SE33", "id": "S212"}, {"car_park_no": "SE34", "id": "S212"}, {"car_park_no": "SE35", "id": "S212"}, {"car_park_no": "SE37", "id": "S212"}, {"car_park_no": "SE38", "id": "S212"}, {"car_park_no": "SE39", "id": "S212"}, {"car_park_no": "SE4", "id": "S212"}, {"car_park_no": "SE4S", "id": "S212"}, {"car_park_no": "SE4T", "id": "S212"}, {"car_park_no": "SE40", "id": "S212"}, {"car_park_no": "SE41", "id": "S212"}, {"car_park_no": "SE42", "id": "S212"}, {"car_park_no": "SE43", "id": "S212"}, {"car_park_no": "SE5L", "id": "S212"}, {"car_park_no": "SE50", "id": "S113"}, {"car_park_no": "SE51", "id": "S113"}, {"car_park_no": "SE52", "id": "S113"}, {"car_park_no": "SE53", "id": "S212"}, {"car_park_no": "SE54", "id": "S113"}, {"car_park_no": "SE6", "id": "S212"}, {"car_park_no": "SE7", "id": "S212"}, {"car_park_no": "SE9", "id": "S212"}, {"car_park_no": "SGLM", "id": "S214"}, {"car_park_no": "SGTM", "id": "S214"}, {"car_park_no": "SG1", "id": "S214"}, {"car_park_no": "SG2", "id": "S214"}, {"car_park_no": "SG3", "id": "S214"}, {"car_park_no": "SG4", "id": "S214"}, {"car_park_no": "SH1", "id": "S113"}, {"car_park_no": "SH2", "id": "S113"}, {"car_park_no": "SIM1", "id": "S205"}, {"car_park_no": "SIM2", "id": "S205"}, {"car_park_no": "SIM3", "id": "S205"}, {"car_park_no": "SIM4", "id": "S205"}, {"car_park_no": "SIM5", "id": "S205"}, {"car_park_no": "SIM6", "id": "S81"}, {"car_park_no": "SI1", "id": "S220"}, {"car_park_no": "SI10", "id": "S205"}, {"car_park_no": "SI11", "id": "S81"}, {"car_park_no": "SI12", "id": "S81"}, {"car_park_no": "SI13", "id": "S205"}, {"car_park_no": "SI14", "id": "S205"}, {"car_park_no": "SI2", "id": "S205"}, {"car_park_no": "SI3", "id": "S205"}, {"car_park_no": "SI4", "id": "S205"}, {"car_park_no": "SI5", "id": "S205"}, {"car_park_no": "SI6", "id": "S205"}, {"car_park_no": "SI7", "id": "S205"}, {"car_park_no": "SI8", "id": "S205"}, {"car_park_no": "SI9", "id": "S205"}, {"car_park_no": "SK1", "id": "S84"}, {"car_park_no": "SK1K", "id": "S207"}, {"car_park_no": "SK10", "id": "S207"}, {"car_park_no": "SK11", "id": "S84"}, {"car_park_no": "SK12", "id": "S84"}, {"car_park_no": "SK13", "id": "S84"}, {"car_park_no": "SK14", "id": "S84"}, {"car_park_no": "SK15", "id": "S207"}, {"car_park_no": "SK16", "id": "S84"}, {"car_park_no": "SK17", "id": "S207"}, {"car_park_no": "SK18", "id": "S84"}, {"car_park_no": "SK19", "id": "S84"}, {"car_park_no": "SK2", "id": "S84"}, {"car_park_no": "SK20", "id": "S84"}, {"car_park_no": "SK21", "id": "S84"}, {"car_park_no": "SK22", "id": "S84"}, {"car_park_no": "SK23", "id": "S84"}, {"car_park_no": "SK24", "id": "S84"}, {"car_park_no": "SK25", "id": "S207"}, {"car_park_no": "SK26", "id": "S207"}, {"car_park_no": "SK27", "id": "S84"}, {"car_park_no": "SK28", "id": "S207"}, {"car_park_no": "SK29", "id": "S207"}, {"car_park_no": "SK3", "id": "S84"}, {"car_park_no": "SK30", "id": "S207"}, {"car_park_no": "SK31", "id": "S84"}, {"car_park_no": "SK32", "id": "S207"}, {"car_park_no": "SK33", "id": "S207"}, {"car_park_no": "SK34", "id": "S207"}, {"car_park_no": "SK35", "id": "S207"}, {"car_park_no": "SK36", "id": "S207"}, {"car_park_no": "SK37", "id": "S207"}, {"car_park_no": "SK38", "id": "S207"}, {"car_park_no": "SK39", "id": "S207"}, {"car_park_no": "SK4", "id": "S84"}, {"car_park_no": "SK40", "id": "S207"}, {"car_park_no": "SK41", "id": "S207"}, {"car_park_no": "SK42", "id": "S207"}, {"car_park_no": "SK43", "id": "S207"}, {"car_park_no": "SK44", "id": "S207"}, {"car_park_no": "SK45", "id": "S207"}, {"car_park_no": "SK46", "id": "S207"}, {"car_park_no": "SK47", "id": "S207"}, {"car_park_no": "SK48", "id": "S207"}, {"car_park_no": "SK49", "id": "S207"}, {"car_park_no": "SK5", "id": "S84"}, {"car_park_no": "SK50", "id": "S207"}, {"car_park_no": "SK51", "id": "S207"}, {"car_park_no": "SK52", "id": "S207"}, {"car_park_no": "SK53", "id": "S207"}, {"car_park_no": "SK54", "id": "S84"}, {"car_park_no": "SK55", "id": "S84"}, {"car_park_no": "SK58", "id": "S107"}, {"car_park_no": "SK59", "id": "S207"}, {"car_park_no": "SK6", "id": "S84"}, {"car_park_no": "SK60", "id": "S107"}, {"car_park_no": "SK61", "id": "S107"}, {"car_park_no": "SK62", "id": "S107"}, {"car_park_no": "SK63", "id": "S84"}, {"car_park_no": "SK64", "id": "S84"}, {"car_park_no": "SK65", "id": "S84"}, {"car_park_no": "SK66", "id": "S84"}, {"car_park_no": "SK67", "id": "S84"}, {"car_park_no": "SK68", "id": "S84"}, {"car_park_no": "SK69", "id": "S107"}, {"car_park_no": "SK7", "id": "S207"}, {"car_park_no": "SK70", "id": "S207"}, {"car_park_no": "SK71", "id": "S84"}, {"car_park_no": "SK72", "id": "S207"}, {"car_park_no": "SK73", "id": "S207"}, {"car_park_no": "SK74", "id": "S107"}, {"car_park_no": "SK75", "id": "S107"}, {"car_park_no": "SK76", "id": "S84"}, {"car_park_no": "SK77", "id": "S107"}, {"car_park_no": "SK78", "id": "S107"}, {"car_park_no": "SK79", "id": "S84"}, {"car_park_no": "SK8", "id": "S84"}, {"car_park_no": "SK80", "id": "S107"}, {"car_park_no": "SK81", "id": "S107"}, {"car_park_no": "SK82", "id": "S84"}, {"car_park_no": "SK83", "id": "S107"}, {"car_park_no": "SK84", "id": "S84"}, {"car_park_no": "SK85", "id": "S107"}, {"car_park_no": "SK86", "id": "S107"}, {"car_park_no": "SK87", "id": "S107"}, {"car_park_no": "SK88", "id": "S107"}, {"car_park_no": "SK89", "id": "S207"}, {"car_park_no": "SK9", "id": "S84"}, {"car_park_no": "SK90", "id": "S207"}, {"car_park_no": "SK91", "id": "S207"}, {"car_park_no": "SK92", "id": "S207"}, {"car_park_no": "SK93", "id": "S107"}, {"car_park_no": "SK94", "id": "S207"}, {"car_park_no": "SK95", "id": "S207"}, {"car_park_no": "SK96", "id": "S107"}, {"car_park_no": "SK97", "id": "S207"}, {"car_park_no": "SK98", "id": "S207"}, {"car_park_no": "SK99", "id": "S107"}, {"car_park_no": "SLS", "id": "S118"}, {"car_park_no": "SL1", "id": "S221"}, {"car_park_no": "SL2", "id": "S221"}, {"car_park_no": "SMM", "id": "S60"}, {"car_park_no": "SMML", "id": "S60"}, {"car_park_no": "SM1", "id": "S113"}, {"car_park_no": "SM2", "id": "S113"}, {"car_park_no": "SM3", "id": "S113"}, {"car_park_no": "SM5", "id": "S113"}, {"car_park_no": "SM6", "id": "S113"}, {"car_park_no": "SM8", "id": "S113"}, {"car_park_no": "SM9", "id": "S113"}, {"car_park_no": "SPM", "id": "S222"}, {"car_park_no": "SPS", "id": "S222"}, {"car_park_no": "SRS", "id": "S60"}, {"car_park_no": "SR1", "id": "S214"}, {"car_park_no": "SR2", "id": "S214"}, {"car_park_no": "STAM", "id": "S60"}, {"car_park_no": "STM1", "id": "S60"}, {"car_park_no": "STM2", "id": "S60"}, {"car_park_no": "STM3", "id": "S60"}, {"car_park_no": "S100", "id": "S107"}, {"car_park_no": "S101", "id": "S107"}, {"car_park_no": "S102", "id": "S84"}, {"car_park_no": "S103", "id": "S207"}, {"car_park_no": "S104", "id": "S207"}, {"car_park_no": "S105", "id": "S207"}, {"car_park_no": "S106", "id": "S212"}, {"car_park_no": "S107", "id": "S207"}, {"car_park_no": "S108", "id": "S207"}, {"car_park_no": "S109", "id": "S107"}, {"car_park_no": "S110", "id": "S207"}, {"car_park_no": "S111", "id": "S107"}, {"car_park_no": "S112", "id": "S107"}, {"car_park_no": "S113", "id": "S207"}, {"car_park_no": "S114", "id": "S107"}, {"car_park_no": "S116", "id": "S107"}, {"car_park_no": "S13L", "id": "S207"}, {"car_park_no": "S14L", "id": "S207"}, {"car_park_no": "S19L", "id": "S208"}, {"car_park_no": "S24L", "id": "S208"}, {"car_park_no": "S28L", "id": "S208"}, {"car_park_no": "S30L", "id": "S207"}, {"car_park_no": "S36L", "id": "S208"}, {"car_park_no": "S38L", "id": "S208"}, {"car_park_no": "S39L", "id": "S212"}, {"car_park_no": "S40L", "id": "S208"}, {"car_park_no": "S43L", "id": "S208"}, {"car_park_no": "S45A", "id": "S208"}, {"car_park_no": "S45L", "id": "S208"}, {"car_park_no": "S47L", "id": "S208"}, {"car_park_no": "S69A", "id": "S107"}, {"car_park_no": "TAM1", "id": "S205"}, {"car_park_no": "TAM2", "id": "S205"}, {"car_park_no": "TBCM", "id": "S60"}, {"car_park_no": "TBC2", "id": "S60"}, {"car_park_no": "TBC3", "id": "S60"}, {"car_park_no": "TBK", "id": "S60"}, {"car_park_no": "TBL", "id": "S60"}, {"car_park_no": "TBM", "id": "S60"}, {"car_park_no": "TBMT", "id": "S60"}, {"car_park_no": "TBM2", "id": "S60"}, {"car_park_no": "TBM3", "id": "S60"}, {"car_park_no": "TBM4", "id": "S60"}, {"car_park_no": "TBM5", "id": "S60"}, {"car_park_no": "TBM6", "id": "S60"}, {"car_park_no": "TBM7", "id": "S60"}, {"car_park_no": "TBM8", "id": "S60"}, {"car_park_no": "TBM9", "id": "S60"}, {"car_park_no": "TB1", "id": "S60"}, {"car_park_no": "TB10", "id": "S60"}, {"car_park_no": "TB11", "id": "S60"}, {"car_park_no": "TB14", "id": "S60"}, {"car_park_no": "TB17", "id": "S60"}, {"car_park_no": "TB18", "id": "S60"}, {"car_park_no": "TB19", "id": "S60"}, {"car_park_no": "TB2", "id": "S60"}, {"car_park_no": "TB22", "id": "S60"}, {"car_park_no": "TB23", "id": "S60"}, {"car_park_no": "TB27", "id": "S60"}, {"car_park_no": "TB28", "id": "S60"}, {"car_park_no": "TB29", "id": "S60"}, {"car_park_no": "TB3", "id": "S60"}, {"car_park_no": "TB4A", "id": "S60"}, {"car_park_no": "TB6", "id": "S60"}, {"car_park_no": "TB7", "id": "S60"}, {"car_park_no": "TB8", "id": "S60"}, {"car_park_no": "TB9", "id": "S60"}, {"car_park_no": "TE1", "id": "S60"}, {"car_park_no": "TE13", "id": "S60"}, {"car_park_no": "TE14", "id": "S60"}, {"car_park_no": "TE2", "id": "S60"}, {"car_park_no": "TE21", "id": "S60"}, {"car_park_no": "TE22", "id": "S60"}, {"car_park_no": "TE23", "id": "S60"}, {"car_park_no": "TE24", "id": "S60"}, {"car_park_no": "TE25", "id": "S60"}, {"car_park_no": "TE26", "id": "S60"}, {"car_park_no": "TE27", "id": "S60"}, {"car_park_no": "TE28", "id": "S60"}, {"car_park_no": "TE29", "id": "S60"}, {"car_park_no": "TE3", "id": "S60"}, {"car_park_no": "TE30", "id": "S60"}, {"car_park_no": "TE4", "id": "S60"}, {"car_park_no": "TE9", "id": "S60"}, {"car_park_no": "TGML", "id": "S60"}, {"car_park_no": "TGM1", "id": "S60"}, {"car_park_no": "TGM2", "id": "S60"}, {"car_park_no": "TGM3", "id": "S60"}, {"car_park_no": "TGM4", "id": "S60"}, {"car_park_no": "TG1", "id": "S60"}, {"car_park_no": "TG2", "id": "S60"}, {"car_park_no": "TG3", "id": "S60"}, {"car_park_no": "TG6", "id": "S60"}, {"car_park_no": "TG7", "id": "S60"}, {"car_park_no": "THM", "id": "S60"}, {"car_park_no": "TJ1K", "id": "S60"}, {"car_park_no": "TJ18", "id": "S60"}, {"car_park_no": "TJ27", "id": "S60"}, {"car_park_no": "TJ28", "id": "S60"}, {"car_park_no": "TJ29", "id": "S60"}, {"car_park_no": "TJ30", "id": "S60"}, {"car_park_no": "TJ31", "id": "S60"}, {"car_park_no": "TJ32", "id": "S60"}, {"car_park_no": "TJ33", "id": "S60"}, {"car_park_no": "TJ34", "id": "S60"}, {"car_park_no": "TJ35", "id": "S60"}, {"car_park_no": "TJ36", "id": "S60"}, {"car_park_no": "TJ37", "id": "S60"}, {"car_park_no": "TJ38", "id": "S60"}, {"car_park_no": "TJ39", "id": "S60"}, {"car_park_no": "TJ40", "id": "S60"}, {"car_park_no": "TJ41", "id": "S60"}, {"car_park_no": "TJ42", "id": "S60"}, {"car_park_no": "TM10", "id": "S81"}, {"car_park_no": "TM11", "id": "S205"}, {"car_park_no": "TM12", "id": "S205"}, {"car_park_no": "TM13", "id": "S205"}, {"car_park_no": "TM14", "id": "S205"}, {"car_park_no": "TM15", "id": "S205"}, {"car_park_no": "TM16", "id": "S205"}, {"car_park_no": "TM17", "id": "S205"}, {"car_park_no": "TM18", "id": "S205"}, {"car_park_no": "TM19", "id": "S205"}, {"car_park_no": "TM20", "id": "S81"}, {"car_park_no": "TM21", "id": "S81"}, {"car_park_no": "TM22", "id": "S81"}, {"car_park_no": "TM23", "id": "S81"}, {"car_park_no": "TM24", "id": "S81"}, {"car_park_no": "TM25", "id": "S205"}, {"car_park_no": "TM26", "id": "S205"}, {"car_park_no": "TM27", "id": "S205"}, {"car_park_no": "TM28", "id": "S205"}, {"car_park_no": "TM29", "id": "S205"}, {"car_park_no": "TM3", "id": "S205"}, {"car_park_no": "TM30", "id": "S205"}, {"car_park_no": "TM31", "id": "S205"}, {"car_park_no": "TM32", "id": "S205"}, {"car_park_no": "TM33", "id": "S205"}, {"car_park_no": "TM34", "id": "S205"}, {"car_park_no": "TM35", "id": "S205"}, {"car_park_no": "TM36", "id": "S205"}, {"car_park_no": "TM37", "id": "S205"}, {"car_park_no": "TM4", "id": "S205"}, {"car_park_no": "TM41", "id": "S205"}, {"car_park_no": "TM42", "id": "S205"}, {"car_park_no": "TM43", "id": "S205"}, {"car_park_no": "TM44", "id": "S205"}, {"car_park_no": "TM45", "id": "S205"}, {"car_park_no": "TM46", "id": "S205"}, {"car_park_no": "TM47", "id": "S205"}, {"car_park_no": "TM48", "id": "S205"}, {"car_park_no": "TM49", "id": "S205"}, {"car_park_no": "TM5", "id": "S205"}, {"car_park_no": "TM50", "id": "S205"}, {"car_park_no": "TM51", "id": "S205"}, {"car_park_no": "TM52", "id": "S205"}, {"car_park_no": "TM53", "id": "S205"}, {"car_park_no": "TM54", "id": "S205"}, {"car_park_no": "TM55", "id": "S205"}, {"car_park_no": "TM6", "id": "S205"}, {"car_park_no": "TM7", "id": "S205"}, {"car_park_no": "TM8", "id": "S205"}, {"car_park_no": "TM9", "id": "S205"}, {"car_park_no": "TPB1", "id": "S78"}, {"car_park_no": "TPL", "id": "S222"}, {"car_park_no": "TPM", "id": "S222"}, {"car_park_no": "TPMA", "id": "S214"}, {"car_park_no": "TPMB", "id": "S214"}, {"car_park_no": "TPMC", "id": "S113"}, {"car_park_no": "TPMD", "id": "S214"}, {"car_park_no": "TPME", "id": "S113"}, {"car_park_no": "TPMF", "id": "S214"}, {"car_park_no": "TPMG", "id": "S214"}, {"car_park_no": "TPMH", "id": "S214"}, {"car_park_no": "TPMJ", "id": "S214"}, {"car_park_no": "TPMK", "id": "S214"}, {"car_park_no": "TPML", "id": "S113"}, {"car_park_no": "TPMM", "id": "S113"}, {"car_park_no": "TPMN", "id": "S214"}, {"car_park_no": "TPMP", "id": "S214"}, {"car_park_no": "TPMQ", "id": "S214"}, {"car_park_no": "TPMR", "id": "S214"}, {"car_park_no": "TPM2", "id": "S113"}, {"car_park_no": "TPM3", "id": "S214"}, {"car_park_no": "TPM4", "id": "S214"}, {"car_park_no": "TPM5", "id": "S214"}, {"car_park_no": "TPM6", "id": "S214"}, {"car_park_no": "TPM7", "id": "S113"}, {"car_park_no": "TPM8", "id": "S78"}, {"car_park_no": "TPM9", "id": "S113"}, {"car_park_no": "TP10", "id": "S214"}, {"car_park_no": "TP12", "id": "S214"}, {"car_park_no": "TP14", "id": "S214"}, {"car_park_no": "TP15", "id": "S113"}, {"car_park_no": "TP16", "id": "S214"}, {"car_park_no": "TP17", "id": "S214"}, {"car_park_no": "TP18", "id": "S214"}, {"car_park_no": "TP2", "id": "S214"}, {"car_park_no": "TP20", "id": "S214"}, {"car_park_no": "TP22", "id": "S214"}, {"car_park_no": "TP27", "id": "S214"}, {"car_park_no": "TP3", "id": "S214"}, {"car_park_no": "TP3A", "id": "S113"}, {"car_park_no": "TP30", "id": "S113"}, {"car_park_no": "TP31", "id": "S113"}, {"car_park_no": "TP32", "id": "S113"}, {"car_park_no": "TP33", "id": "S113"}, {"car_park_no": "TP34", "id": "S113"}, {"car_park_no": "TP36", "id": "S214"}, {"car_park_no": "TP39", "id": "S214"}, {"car_park_no": "TP4A", "id": "S113"}, {"car_park_no": "TP40", "id": "S214"}, {"car_park_no": "TP41", "id": "S214"}, {"car_park_no": "TP43", "id": "S78"}, {"car_park_no": "TP48", "id": "S113"}, {"car_park_no": "TP49", "id": "S113"}, {"car_park_no": "TP50", "id": "S113"}, {"car_park_no": "TP52", "id": "S113"}, {"car_park_no": "TP53", "id": "S113"}, {"car_park_no": "TP54", "id": "S113"}, {"car_park_no": "TP56", "id": "S78"}, {"car_park_no": "TP57", "id": "S78"}, {"car_park_no": "TP59", "id": "S78"}, {"car_park_no": "TP60", "id": "S113"}, {"car_park_no": "TP61", "id": "S214"}, {"car_park_no": "TP62", "id": "S113"}, {"car_park_no": "TP63", "id": "S113"}, {"car_park_no": "TP64", "id": "S113"}, {"car_park_no": "TP65", "id": "S214"}, {"car_park_no": "TP66", "id": "S78"}, {"car_park_no": "TP67", "id": "S214"}, {"car_park_no": "TP68", "id": "S78"}, {"car_park_no": "TP7", "id": "S113"}, {"car_park_no": "TP8", "id": "S113"}, {"car_park_no": "TP8A", "id": "S113"}, {"car_park_no": "TRM", "id": "S123"}, {"car_park_no": "TRS", "id": "S123"}, {"car_park_no": "TR1", "id": "S214"}, {"car_park_no": "TWM1", "id": "S113"}, {"car_park_no": "TWM2", "id": "S113"}, {"car_park_no": "TWM3", "id": "S113"}, {"car_park_no": "TWM4", "id": "S113"}, {"car_park_no": "TWM5", "id": "S113"}, {"car_park_no": "TW1", "id": "S113"}, {"car_park_no": "TW2", "id": "S113"}, {"car_park_no": "TW3", "id": "S113"}, {"car_park_no": "TW4", "id": "S113"}, {"car_park_no": "TY1", "id": "S60"}, {"car_park_no": "TY2", "id": "S60"}, {"car_park_no": "TY3T", "id": "S60"}, {"car_park_no": "TY4", "id": "S60"}, {"car_park_no": "T1", "id": "S205"}, {"car_park_no": "T11", "id": "S205"}, {"car_park_no": "T12", "id": "S205"}, {"car_park_no": "T13", "id": "S205"}, {"car_park_no": "T15", "id": "S205"}, {"car_park_no": "T16", "id": "S205"}, {"car_park_no": "T17", "id": "S205"}, {"car_park_no": "T18", "id": "S205"}, {"car_park_no": "T19", "id": "S205"}, {"car_park_no": "T20", "id": "S205"}, {"car_park_no": "T24", "id": "S205"}, {"car_park_no": "T25", "id": "S205"}, {"car_park_no": "T26", "id": "S205"}, {"car_park_no": "T27", "id": "S205"}, {"car_park_no": "T28", "id": "S205"}, {"car_park_no": "T29", "id": "S205"}, {"car_park_no": "T3", "id": "S205"}, {"car_park_no": "T30", "id": "S205"}, {"car_park_no": "T31", "id": "S205"}, {"car_park_no": "T32", "id": "S205"}, {"car_park_no": "T33", "id": "S205"}, {"car_park_no": "T34", "id": "S205"}, {"car_park_no": "T35", "id": "S205"}, {"car_park_no": "T37", "id": "S205"}, {"car_park_no": "T38", "id": "S205"}, {"car_park_no": "T39", "id": "S205"}, {"car_park_no": "T4", "id": "S205"}, {"car_park_no": "T41", "id": "S205"}, {"car_park_no": "T42", "id": "S205"}, {"car_park_no": "T43", "id": "S205"}, {"car_park_no": "T44", "id": "S205"}, {"car_park_no": "T45", "id": "S205"}, {"car_park_no": "T46", "id": "S205"}, {"car_park_no": "T47", "id": "S205"}, {"car_park_no": "T47A", "id": "S205"}, {"car_park_no": "T48", "id": "S205"}, {"car_park_no": "T49", "id": "S205"}, {"car_park_no": "T49A", "id": "S205"}, {"car_park_no": "T50", "id": "S205"}, {"car_park_no": "T51", "id": "S205"}, {"car_park_no": "T54", "id": "S205"}, {"car_park_no": "T55", "id": "S205"}, {"car_park_no": "T56", "id": "S205"}, {"car_park_no": "T57", "id": "S205"}, {"car_park_no": "T58", "id": "S205"}, {"car_park_no": "T7", "id": "S205"}, {"car_park_no": "T7A", "id": "S205"}, {"car_park_no": "T72", "id": "S205"}, {"car_park_no": "T73", "id": "S205"}, {"car_park_no": "T74", "id": "S205"}, {"car_park_no": "T75", "id": "S205"}, {"car_park_no": "T76", "id": "S205"}, {"car_park_no": "T77", "id": "S205"}, {"car_park_no": "T78", "id": "S205"}, {"car_park_no": "T79", "id": "S205"}, {"car_park_no": "T8", "id": "S205"}, {"car_park_no": "T80", "id": "S205"}, {"car_park_no": "T81", "id": "S205"}, {"car_park_no": "T9", "id": "S205"}, {"car_park_no": "UAM1", "id": "S78"}, {"car_park_no": "UA2", "id": "S78"}, {"car_park_no": "UA3", "id": "S78"}, {"car_park_no": "UA4", "id": "S78"}, {"car_park_no": "UA5", "id": "S78"}, {"car_park_no": "UA6", "id": "S78"}, {"car_park_no": "UBA4", "id": "S215"}, {"car_park_no": "UBKM", "id": "S214"}, {"car_park_no": "UBK2", "id": "S214"}, {"car_park_no": "UBK4", "id": "S214"}, {"car_park_no": "UBK5", "id": "S78"}, {"car_park_no": "UBM1", "id": "S214"}, {"car_park_no": "UBM2", "id": "S214"}, {"car_park_no": "UCS", "id": "S118"}, {"car_park_no": "U1", "id": "S60"}, {"car_park_no": "U10", "id": "S60"}, {"car_park_no": "U11", "id": "S60"}, {"car_park_no": "U12", "id": "S60"}, {"car_park_no": "U13", "id": "S60"}, {"car_park_no": "U14", "id": "S60"}, {"car_park_no": "U15", "id": "S60"}, {"car_park_no": "U16", "id": "S60"}, {"car_park_no": "U17", "id": "S60"}, {"car_park_no": "U18", "id": "S60"}, {"car_park_no": "U19", "id": "S60"}, {"car_park_no": "U2", "id": "S60"}, {"car_park_no": "U20", "id": "S60"}, {"car_park_no": "U21", "id": "S60"}, {"car_park_no": "U22", "id": "S60"}, {"car_park_no": "U23", "id": "S60"}, {"car_park_no": "U24", "id": "S60"}, {"car_park_no": "U24T", "id": "S60"}, {"car_park_no": "U25", "id": "S60"}, {"car_park_no": "U26", "id": "S60"}, {"car_park_no": "U27", "id": "S60"}, {"car_park_no": "U28", "id": "S60"}, {"car_park_no": "U29", "id": "S60"}, {"car_park_no": "U3", "id": "S60"}, {"car_park_no": "U30", "id": "S60"}, {"car_park_no": "U31", "id": "S60"}, {"car_park_no": "U32", "id": "S60"}, {"car_park_no": "U33", "id": "S60"}, {"car_park_no": "U34", "id": "S60"}, {"car_park_no": "U38", "id": "S60"}, {"car_park_no": "U39", "id": "S60"}, {"car_park_no": "U4", "id": "S60"}, {"car_park_no": "U40", "id": "S60"}, {"car_park_no": "U41", "id": "S60"}, {"car_park_no": "U41A", "id": "S60"}, {"car_park_no": "U43", "id": "S60"}, {"car_park_no": "U45", "id": "S60"}, {"car_park_no": "U46", "id": "S60"}, {"car_park_no": "U48", "id": "S60"}, {"car_park_no": "U49", "id": "S60"}, {"car_park_no": "U5", "id": "S60"}, {"car_park_no": "U50", "id": "S60"}, {"car_park_no": "U51", "id": "S60"}, {"car_park_no": "U52", "id": "S60"}, {"car_park_no": "U53", "id": "S60"}, {"car_park_no": "U54", "id": "S60"}, {"car_park_no": "U55", "id": "S60"}, {"car_park_no": "U56", "id": "S60"}, {"car_park_no": "U57", "id": "S60"}, {"car_park_no": "U58", "id": "S60"}, {"car_park_no": "U59", "id": "S60"}, {"car_park_no": "U6", "id": "S60"}, {"car_park_no": "U60", "id": "S60"}, {"car_park_no": "U61", "id": "S60"}, {"car_park_no": "U62", "id": "S60"}, {"car_park_no": "U63", "id": "S60"}, {"car_park_no": "U64", "id": "S60"}, {"car_park_no": "U65", "id": "S60"}, {"car_park_no": "U66", "id": "S60"}, {"car_park_no": "U68", "id": "S60"}, {"car_park_no": "U69", "id": "S60"}, {"car_park_no": "U7", "id": "S60"}, {"car_park_no": "U70", "id": "S60"}, {"car_park_no": "U8", "id": "S60"}, {"car_park_no": "U9", "id": "S60"}, {"car_park_no": "WCB", "id": "S118"}, {"car_park_no": "WCC", "id": "S208"}, {"car_park_no": "WDB1", "id": "S214"}, {"car_park_no": "W10", "id": "S208"}, {"car_park_no": "W100", "id": "S208"}, {"car_park_no": "W101", "id": "S208"}, {"car_park_no": "W102", "id": "S208"}, {"car_park_no": "W103", "id": "S208"}, {"car_park_no": "W104", "id": "S208"}, {"car_park_no": "W105", "id": "S208"}, {"car_park_no": "W106", "id": "S208"}, {"car_park_no": "W107", "id": "S208"}, {"car_park_no": "W108", "id": "S208"}, {"car_park_no": "W109", "id": "S208"}, {"car_park_no": "W11", "id": "S208"}, {"car_park_no": "W11M", "id": "S208"}, {"car_park_no": "W12M", "id": "S208"}, {"car_park_no": "W13", "id": "S208"}, {"car_park_no": "W14", "id": "S208"}, {"car_park_no": "W16", "id": "S208"}, {"car_park_no": "W17", "id": "S208"}, {"car_park_no": "W18", "id": "S208"}, {"car_park_no": "W181", "id": "S208"}, {"car_park_no": "W182", "id": "S208"}, {"car_park_no": "W185", "id": "S208"}, {"car_park_no": "W19", "id": "S208"}, {"car_park_no": "W20", "id": "S208"}, {"car_park_no": "W21", "id": "S208"}, {"car_park_no": "W23", "id": "S208"}, {"car_park_no": "W23T", "id": "S208"}, {"car_park_no": "W24", "id": "S208"}, {"car_park_no": "W25", "id": "S208"}, {"car_park_no": "W26", "id": "S208"}, {"car_park_no": "W27", "id": "S208"}, {"car_park_no": "W28", "id": "S208"}, {"car_park_no": "W29", "id": "S208"}, {"car_park_no": "W3", "id": "S208"}, {"car_park_no": "W30", "id": "S208"}, {"car_park_no": "W36", "id": "S208"}, {"car_park_no": "W37", "id": "S208"}, {"car_park_no": "W39", "id": "S208"}, {"car_park_no": "W4", "id": "S208"}, {"car_park_no": "W4M", "id": "S208"}, {"car_park_no": "W40", "id": "S208"}, {"car_park_no": "W41", "id": "S208"}, {"car_park_no": "W43", "id": "S208"}, {"car_park_no": "W44", "id": "S208"}, {"car_park_no": "W45", "id": "S208"}, {"car_park_no": "W46", "id": "S208"}, {"car_park_no": "W47", "id": "S208"}, {"car_park_no": "W48", "id": "S208"}, {"car_park_no": "W49", "id": "S208"}, {"car_park_no": "W5", "id": "S208"}, {"car_park_no": "W5M", "id": "S208"}, {"car_park_no": "W50", "id": "S208"}, {"car_park_no": "W505", "id": "S208"}, {"car_park_no": "W509", "id": "S208"}, {"car_park_no": "W51", "id": "S208"}, {"car_park_no": "W516", "id": "S208"}, {"car_park_no": "W517", "id": "S208"}, {"car_park_no": "W519", "id": "S208"}, {"car_park_no": "W52", "id": "S208"}, {"car_park_no": "W521", "id": "S208"}, {"car_park_no": "W523", "id": "S208"}, {"car_park_no": "W525", "id": "S208"}, {"car_park_no": "W527", "id": "S208"}, {"car_park_no": "W53", "id": "S208"}, {"car_park_no": "W536", "id": "S208"}, {"car_park_no": "W54", "id": "S208"}, {"car_park_no": "W546", "id": "S208"}, {"car_park_no": "W549", "id": "S208"}, {"car_park_no": "W55", "id": "S208"}, {"car_park_no": "W554", "id": "S208"}, {"car_park_no": "W56", "id": "S208"}, {"car_park_no": "W57", "id": "S208"}, {"car_park_no": "W570", "id": "S208"}, {"car_park_no": "W574", "id": "S208"}, {"car_park_no": "W578", "id": "S208"}, {"car_park_no": "W579", "id": "S208"}, {"car_park_no": "W58", "id": "S208"}, {"car_park_no": "W586", "id": "S208"}, {"car_park_no": "W588", "id": "S208"}, {"car_park_no": "W59", "id": "S208"}, {"car_park_no": "W6", "id": "S208"}, {"car_park_no": "W60", "id": "S208"}, {"car_park_no": "W61", "id": "S208"}, {"car_park_no": "W62", "id": "S208"}, {"car_park_no": "W63", "id": "S208"}, {"car_park_no": "W64", "id": "S208"}, {"car_park_no": "W65", "id": "S208"}, {"car_park_no": "W66", "id": "S208"}, {"car_park_no": "W67", "id": "S208"}, {"car_park_no": "W676", "id": "S208"}, {"car_park_no": "W68", "id": "S208"}, {"car_park_no": "W69", "id": "S208"}, {"car_park_no": "W691", "id": "S208"}, {"car_park_no": "W693", "id": "S208"}, {"car_park_no": "W694", "id": "S208"}, {"car_park_no": "W7", "id": "S208"}, {"car_park_no": "W70", "id": "S208"}, {"car_park_no": "W71", "id": "S208"}, {"car_park_no": "W717", "id": "S208"}, {"car_park_no": "W72", "id": "S208"}, {"car_park_no": "W73", "id": "S208"}, {"car_park_no": "W74", "id": "S208"}, {"car_park_no": "W75", "id": "S208"}, {"car_park_no": "W76", "id": "S208"}, {"car_park_no": "W77", "id": "S208"}, {"car_park_no": "W78", "id": "S208"}, {"car_park_no": "W780", "id": "S208"}, {"car_park_no": "W782", "id": "S208"}, {"car_park_no": "W783", "id": "S208"}, {"car_park_no": "W785", "id": "S208"}, {"car_park_no": "W79", "id": "S208"}, {"car_park_no": "W799", "id": "S208"}, {"car_park_no": "W8M", "id": "S208"}, {"car_park_no": "W80", "id": "S208"}, {"car_park_no": "W81", "id": "S208"}, {"car_park_no": "W82", "id": "S208"}, {"car_park_no": "W83", "id": "S208"}, {"car_park_no": "W84", "id": "S208"}, {"car_park_no": "W85", "id": "S208"}, {"car_park_no": "W86", "id": "S208"}, {"car_park_no": "W87", "id": "S208"}, {"car_park_no": "W88", "id": "S208"}, {"car_park_no": "W887", "id": "S208"}, {"car_park_no": "W889", "id": "S208"}, {"car_park_no": "W89", "id": "S208"}, {"car_park_no": "W90", "id": "S208"}, {"car_park_no": "W91", "id": "S208"}, {"car_park_no": "W92", "id": "S208"}, {"car_park_no": "W93", "id": "S208"}, {"car_park_no": "W94", "id": "S208"}, {"car_park_no": "W95", "id": "S208"}, {"car_park_no": "W96", "id": "S208"}, {"car_park_no": "W97", "id": "S208"}, {"car_park_no": "W98", "id": "S208"}, {"car_park_no": "W99", "id": "S208"}, {"car_park_no": "YHS", "id": "S118"}, {"car_park_no": "Y1", "id": "S208"}, {"car_park_no": "Y10", "id": "S208"}, {"car_park_no": "Y11", "id": "S208"}, {"car_park_no": "Y12", "id": "S208"}, {"car_park_no": "Y13", "id": "S208"}, {"car_park_no": "Y14", "id": "S208"}, {"car_park_no": "Y14A", "id": "S208"}, {"car_park_no": "Y15", "id": "S208"}, {"car_park_no": "Y16", "id": "S208"}, {"car_park_no": "Y16A", "id": "S208"}, {"car_park_no": "Y17", "id": "S208"}, {"car_park_no": "Y18", "id": "S208"}, {"car_park_no": "Y19", "id": "S208"}, {"car_park_no": "Y2", "id": "S208"}, {"car_park_no": "Y20", "id": "S208"}, {"car_park_no": "Y21", "id": "S208"}, {"car_park_no": "Y21A", "id": "S208"}, {"car_park_no": "Y21M", "id": "S208"}, {"car_park_no": "Y22", "id": "S208"}, {"car_park_no": "Y23", "id": "S208"}, {"car_park_no": "Y24", "id": "S107"}, {"car_park_no": "Y25", "id": "S107"}, {"car_park_no": "Y25M", "id": "S107"}, {"car_park_no": "Y26", "id": "S107"}, {"car_park_no": "Y27", "id": "S107"}, {"car_park_no": "Y28", "id": "S107"}, {"car_park_no": "Y28M", "id": "S107"}, {"car_park_no": "Y29", "id": "S107"}, {"car_park_no": "Y3", "id": "S208"}, {"car_park_no": "Y3M", "id": "S208"}, {"car_park_no": "Y30", "id": "S107"}, {"car_park_no": "Y30M", "id": "S107"}, {"car_park_no": "Y31", "id": "S107"}, {"car_park_no": "Y32", "id": "S107"}, {"car_park_no": "Y33", "id": "S208"}, {"car_park_no": "Y34", "id": "S208"}, {"car_park_no": "Y34A", "id": "S107"}, {"car_park_no": "Y35", "id": "S107"}, {"car_park_no": "Y36", "id": "S208"}, {"car_park_no": "Y37", "id": "S208"}, {"car_park_no": "Y38", "id": "S208"}, {"car_park_no": "Y39", "id": "S107"}, {"car_park_no": "Y4", "id": "S208"}, {"car_park_no": "Y4T", "id": "S208"}, {"car_park_no": "Y40", "id": "S107"}, {"car_park_no": "Y41", "id": "S208"}, {"car_park_no": "Y41M", "id": "S208"}, {"car_park_no": "Y43", "id": "S208"}, {"car_park_no": "Y45", "id": "S208"}, {"car_park_no": "Y45M", "id": "S208"}, {"car_park_no": "Y46", "id": "S208"}, {"car_park_no": "Y47", "id": "S208"}, {"car_park_no": "Y48", "id": "S208"}, {"car_park_no": "Y48M", "id": "S208"}, {"car_park_no": "Y49", "id": "S208"}, {"car_park_no": "Y49L", "id": "S208"}, {"car_park_no": "Y49M", "id": "S208"}, {"car_park_no": "Y5", "id": "S208"}, {"car_park_no": "Y51", "id": "S208"}, {"car_park_no": "Y51M", "id": "S208"}, {"car_park_no": "Y52M", "id": "S208"}, {"car_park_no": "Y53M", "id": "S208"}, {"car_park_no": "Y54M", "id": "S208"}, {"car_park_no": "Y56", "id": "S208"}, {"car_park_no": "Y57", "id": "S208"}, {"car_park_no": "Y58", "id": "S208"}, {"car_park_no": "Y59M", "id": "S208"}, {"car_park_no": "Y6", "id": "S208"}, {"car_park_no": "Y60M", "id": "S208"}, {"car_park_no": "Y61M", "id": "S208"}, {"car_park_no": "Y62M", "id": "S208"}, {"car_park_no": "Y63M", "id": "S208"}, {"car_park_no": "Y64M", "id": "S208"}, {"car_park_no": "Y65M", "id": "S208"}, {"car_park_no": "Y66M", "id": "S208"}, {"car_park_no": "Y67", "id": "S208"}, {"car_park_no": "Y68L", "id": "S107"}, {"car_park_no": "Y68M", "id": "S107"}, {"car_park_no": "Y69L", "id": "S107"}, {"car_park_no": "Y69M", "id": "S107"}, {"car_park_no": "Y7", "id": "S208"}, {"car_park_no": "Y70M", "id": "S107"}, {"car_park_no": "Y71M", "id": "S107"}, {"car_park_no": "Y72M", "id": "S107"}, {"car_park_no": "Y73M", "id": "S107"}, {"car_park_no": "Y74M", "id": "S107"}, {"car_park_no": "Y75M", "id": "S208"}, {"car_park_no": "Y76M", "id": "S208"}, {"car_park_no": "Y77L", "id": "S208"}, {"car_park_no": "Y77M", "id": "S208"}, {"car_park_no": "Y78M", "id": "S208"}, {"car_park_no": "Y8", "id": "S208"}, {"car_park_no": "Y82M", "id": "S208"}, {"car_park_no": "Y9", "id": "S208"}]